age,height_cm,weight_kg,overall,skill_moves,weak_foot,preferred_foot,crossing,finishing
29,186,82,68,2,3,Right,58,44
21,194,87,59,1,2,Right,15,19
23,175,72,65,2,2,Right,60,22
26,185,80,73,2,3,Right,76,41
19,182,76,48,1,2,Right,14,11
19,186,79,57,2,3,Right,31,57
29,180,71,72,3,5,Right,55,66
26,180,76,65,2,3,Right,60,36
30,186,85,70,2,3,Right,53,67
19,180,76,60,2,2,Right,47,48
22,169,65,66,3,4,Right,52,70
30,184,84,67,3,2,Right,37,65
26,179,74,78,3,3,Left,80,74
31,186,83,72,3,4,Right,68,67
18,172,68,64,2,3,Right,63,48
28,185,80,58,2,3,Left,56,36
28,177,78,72,2,3,Right,74,38
29,176,72,68,2,4,Right,44,72
20,182,75,62,2,3,Left,33,29
26,185,77,72,2,3,Right,43,34
32,182,74,76,3,3,Right,80,68
20,176,63,60,3,3,Right,43,36
21,183,72,72,2,3,Right,68,53
23,191,86,59,1,2,Right,20,14
21,175,72,71,3,3,Right,64,70
18,173,66,50,2,3,Right,42,22
32,176,68,73,3,4,Right,72,68
19,178,71,66,3,3,Right,65,66
25,178,69,78,4,3,Left,75,68
21,190,85,65,2,3,Left,43,59
27,180,77,70,3,3,Left,68,55
27,181,73,68,2,3,Right,66,54
31,170,64,66,3,4,Right,63,56
21,170,73,60,3,4,Right,56,58
19,181,74,57,3,4,Right,44,59
27,175,68,65,2,3,Right,65,21
30,178,71,67,3,3,Left,34,70
26,189,79,65,1,2,Right,18,12
24,177,73,68,2,3,Right,62,48
21,187,72,70,2,3,Right,62,58
19,177,76,71,2,3,Right,70,43
33,180,75,75,3,2,Left,78,63
24,193,79,60,2,3,Right,22,21
23,190,83,63,1,2,Right,15,14
22,175,71,68,4,4,Right,67,60
24,185,73,68,2,3,Right,46,51
29,193,84,80,2,3,Left,50,22
25,178,74,72,3,2,Right,66,73
28,173,64,70,4,4,Right,70,53
26,179,79,65,4,4,Right,59,65
19,191,77,68,3,3,Right,39,70
24,171,70,69,2,3,Right,55,43
25,176,75,63,2,3,Right,59,27
23,184,74,63,2,3,Right,62,28
23,174,64,70,2,3,Right,53,52
29,176,69,70,2,3,Left,73,52
28,173,75,78,4,3,Left,76,55
30,175,68,66,2,3,Right,61,46
19,180,75,56,2,3,Left,56,22
36,186,78,74,2,3,Right,35,21
35,184,82,77,2,3,Right,74,50
25,182,70,79,3,3,Right,74,67
23,180,74,62,3,3,Right,61,56
32,196,92,67,1,3,Right,15,14
30,185,79,72,3,2,Left,62,54
29,185,88,83,4,2,Left,65,66
20,180,74,62,2,3,Right,29,66
26,188,84,63,2,2,Right,32,28
20,182,76,58,1,3,Right,21,16
23,186,79,65,1,3,Left,10,9
24,192,85,67,2,2,Right,46,36
38,181,86,72,1,2,Left,9,12
24,170,63,66,4,4,Left,59,56
20,178,77,71,3,4,Right,45,74
29,188,84,75,2,3,Right,56,30
29,183,69,68,3,3,Right,54,58
29,181,75,58,2,3,Right,45,59
29,184,78,65,3,3,Right,58,60
29,175,76,69,3,4,Left,67,63
24,175,70,69,3,2,Right,59,60
22,186,78,66,2,3,Right,58,18
31,181,82,77,3,3,Left,82,56
21,180,74,69,3,4,Right,67,57
21,179,71,65,2,3,Right,64,49
25,186,85,68,3,3,Right,58,69
22,184,82,64,2,3,Right,41,16
26,180,73,64,2,3,Right,53,68
28,185,74,67,4,4,Right,59,65
23,185,75,71,2,3,Right,47,36
21,186,75,64,2,3,Right,49,22
19,192,82,60,2,3,Right,27,60
19,191,85,56,2,3,Right,31,59
33,177,75,70,3,4,Right,69,65
26,176,72,76,3,4,Right,68,72
22,173,63,76,3,4,Right,73,67
26,176,73,61,2,3,Right,43,62
27,180,70,80,2,3,Left,68,57
23,176,70,68,2,2,Right,68,38
24,188,85,70,2,3,Right,70,25
31,178,75,69,3,3,Left,68,66
18,186,70,59,2,3,Right,57,41
22,184,76,70,3,3,Right,68,65
31,177,73,71,3,3,Right,70,49
22,172,70,64,2,3,Left,58,34
20,182,70,71,3,3,Right,62,66
36,176,72,74,2,2,Left,84,61
27,180,72,71,2,3,Right,70,36
29,186,79,70,2,3,Left,61,40
27,189,82,68,2,3,Right,56,17
24,178,68,78,3,3,Left,77,64
22,178,76,62,2,3,Right,48,62
31,177,74,65,2,3,Left,57,43
21,168,65,57,2,2,Right,50,51
19,189,75,60,2,3,Right,25,57
30,181,71,75,3,2,Right,74,47
25,178,74,66,2,3,Right,40,41
21,185,76,61,1,3,Left,11,11
33,176,70,79,2,3,Right,67,63
26,186,81,70,2,3,Right,62,68
29,176,77,86,3,3,Right,73,76
20,168,65,67,2,3,Left,60,59
26,174,78,75,3,4,Right,59,79
31,177,76,68,2,2,Left,66,61
30,177,72,62,2,4,Right,56,44
26,188,84,81,3,3,Left,81,64
23,180,75,55,2,2,Right,53,44
26,178,68,73,4,4,Right,68,65
24,188,78,71,1,2,Right,14,13
18,172,71,54,3,3,Left,52,44
24,193,84,68,2,3,Right,29,28
28,179,73,63,2,2,Right,58,20
25,187,85,77,2,3,Right,71,56
18,182,73,54,3,3,Right,29,55
31,188,77,78,3,3,Right,68,82
24,175,73,70,2,3,Left,53,26
28,196,91,68,1,3,Right,15,11
26,174,71,61,2,4,Left,45,58
19,168,59,60,2,4,Right,42,50
31,185,82,71,2,3,Right,36,49
30,178,75,75,2,3,Right,53,35
17,176,73,50,2,3,Right,47,30
30,179,75,69,2,3,Right,61,70
26,180,75,72,2,3,Right,69,57
21,176,74,74,2,3,Right,62,54
19,180,72,61,2,3,Right,50,49
19,192,78,53,2,3,Right,42,24
25,185,71,72,3,3,Right,68,59
22,185,74,67,2,3,Left,56,34
28,170,68,85,3,3,Left,82,73
31,178,77,78,3,4,Right,66,66
30,174,74,66,2,3,Right,67,42
20,180,70,52,2,3,Right,47,26
31,188,85,67,3,3,Right,48,49
30,168,73,76,4,3,Right,69,77
36,185,83,57,1,3,Right,20,14
24,180,74,67,2,3,Right,62,53
32,167,60,78,3,3,Right,78,66
31,188,86,65,2,3,Right,36,39
22,177,72,56,2,4,Right,48,36
23,188,74,61,2,3,Right,29,26
32,175,73,67,2,3,Left,67,46
19,185,78,59,2,4,Right,36,22
28,186,78,65,2,3,Right,49,66
31,181,77,67,2,5,Right,64,51
36,178,75,73,2,3,Right,71,33
22,188,70,70,2,3,Right,68,35
33,185,80,73,2,3,Left,53,33
20,180,70,54,2,3,Right,33,59
25,170,67,69,3,4,Right,63,66
29,184,80,69,2,3,Right,33,23
29,182,77,63,2,2,Left,63,47
30,178,69,68,2,3,Left,67,41
24,182,81,73,2,3,Right,40,70
24,177,74,60,2,3,Right,61,38
28,183,78,71,2,2,Right,63,67
26,173,76,90,4,4,Right,80,83
18,188,77,51,2,3,Right,30,16
29,174,65,76,3,2,Left,74,66
30,178,73,75,3,4,Left,68,63
24,184,72,57,3,3,Left,58,50
22,183,76,60,3,3,Left,60,29
26,188,92,66,2,3,Right,62,63
26,172,65,71,4,3,Right,57,62
20,192,78,69,3,4,Right,48,72
21,180,72,58,2,3,Left,43,27
19,182,75,57,2,3,Left,59,30
20,180,73,62,3,2,Right,46,50
27,182,78,71,3,3,Right,39,72
21,183,77,60,2,3,Right,58,52
23,175,63,79,4,2,Left,70,73
23,196,82,63,2,2,Left,31,70
21,180,73,60,2,2,Right,50,39
28,185,85,54,1,2,Right,22,13
25,188,78,65,2,3,Right,50,48
28,178,73,77,3,4,Right,41,82
28,178,77,64,2,1,Right,50,29
33,175,70,55,3,4,Right,55,48
31,176,72,71,3,4,Right,69,62
31,180,74,66,2,3,Right,33,41
24,196,77,71,2,3,Left,70,35
33,187,76,75,1,2,Left,35,15
27,183,77,72,3,3,Right,61,53
26,182,82,63,1,2,Right,16,18
33,185,70,64,2,3,Right,59,26
22,184,78,78,4,4,Right,67,70
25,172,67,63,3,3,Left,59,65
20,176,73,60,3,3,Right,33,63
18,178,70,50,3,3,Right,41,35
28,190,86,74,2,3,Right,50,36
23,187,75,64,2,3,Right,57,32
22,181,75,75,2,3,Left,57,51
25,174,74,67,2,3,Right,65,31
24,173,67,55,2,3,Right,52,45
19,180,69,48,3,3,Right,48,47
20,179,72,52,3,2,Right,47,29
34,191,89,76,2,3,Left,20,14
30,172,65,75,3,4,Left,72,53
19,192,89,62,2,2,Left,33,21
21,180,84,60,2,3,Left,33,25
30,182,82,73,2,3,Right,54,34
19,177,70,57,2,3,Right,54,39
24,187,82,69,2,2,Right,58,22
20,178,64,51,3,3,Right,43,30
26,186,80,67,3,3,Right,51,67
28,185,79,66,3,3,Left,61,47
24,185,73,65,1,3,Right,10,10
22,182,75,61,2,3,Left,60,31
27,185,78,67,2,3,Left,22,17
23,191,91,70,1,3,Right,13,20
25,178,75,66,3,3,Right,43,46
25,180,74,59,3,4,Right,56,48
23,186,72,70,2,3,Left,68,64
25,160,66,61,2,3,Left,49,65
20,178,78,72,3,3,Right,59,77
25,191,84,63,2,2,Right,45,23
19,185,79,63,2,2,Right,31,26
27,174,69,70,3,4,Right,57,53
24,179,70,82,4,3,Left,82,74
23,173,63,54,2,3,Right,45,41
22,172,70,72,4,3,Right,74,65
22,190,78,62,2,3,Right,29,25
22,185,80,73,2,2,Right,59,41
19,176,63,58,2,3,Left,54,34
24,185,86,77,2,3,Left,53,48
19,188,75,50,1,3,Left,12,8
24,179,77,71,3,3,Left,66,76
26,186,86,76,2,4,Right,54,79
25,172,66,72,4,4,Right,66,70
29,192,88,67,2,3,Right,27,27
19,185,69,65,2,3,Left,53,45
26,187,80,69,1,2,Right,17,20
27,187,82,62,2,2,Right,28,42
31,183,75,76,2,3,Right,57,22
21,185,84,58,2,3,Left,29,23
20,185,74,51,2,3,Right,39,45
32,180,74,63,2,3,Right,28,15
27,181,63,74,4,2,Right,65,68
25,179,75,72,3,3,Right,42,73
25,180,70,56,2,3,Right,23,23
20,185,75,62,3,3,Right,48,61
28,181,72,76,3,2,Left,84,67
23,185,82,67,3,3,Right,29,65
29,186,74,66,2,3,Right,61,17
32,177,68,68,2,3,Right,69,34
20,192,83,63,3,3,Right,29,64
23,174,67,73,2,3,Right,76,55
20,172,65,69,4,5,Right,60,59
24,192,80,71,1,3,Right,20,16
29,189,84,76,2,2,Right,42,29
25,190,83,72,2,4,Right,56,75
27,185,79,68,3,3,Right,56,61
21,177,71,60,2,2,Right,50,41
24,177,81,71,3,2,Right,69,66
25,197,84,62,1,1,Right,16,11
31,175,70,70,3,3,Right,47,74
25,190,84,67,2,2,Left,43,68
22,188,77,54,1,2,Right,14,13
31,184,80,70,2,3,Right,51,24
19,189,76,52,1,3,Right,17,20
27,184,77,78,2,3,Right,60,33
20,180,76,50,2,2,Right,26,26
22,175,71,68,3,4,Right,66,58
30,184,78,70,3,3,Right,64,65
24,190,88,77,2,2,Left,29,35
26,183,84,64,3,4,Right,62,61
23,177,71,72,2,2,Right,59,71
27,173,69,62,2,4,Right,56,34
19,185,75,56,2,3,Left,49,50
26,170,62,74,4,3,Right,65,67
26,184,79,66,3,4,Left,62,59
29,185,75,58,1,2,Right,11,16
27,179,73,64,3,3,Left,59,56
26,188,83,62,2,4,Right,60,41
24,177,74,70,2,3,Right,60,46
23,181,77,67,3,3,Right,65,62
28,185,69,78,2,4,Right,66,60
26,182,76,78,4,2,Left,75,70
23,172,65,70,3,2,Left,68,62
21,171,67,63,2,4,Right,64,29
21,172,63,65,2,2,Left,59,27
30,182,82,67,2,3,Right,32,29
28,186,77,74,3,3,Left,74,70
28,182,75,76,3,3,Right,82,75
23,200,96,63,2,2,Right,35,30
19,190,81,71,2,3,Left,28,23
22,181,74,64,2,3,Left,59,41
30,188,84,72,2,3,Right,56,41
34,188,87,65,1,2,Right,12,5
21,188,78,60,2,3,Right,48,59
22,178,72,66,2,2,Right,43,36
26,184,73,64,3,3,Left,59,46
20,190,81,61,2,3,Left,38,22
20,170,65,61,2,3,Right,30,65
22,173,71,68,2,4,Right,59,60
31,183,80,74,3,4,Right,56,75
35,180,74,69,2,4,Right,69,28
18,188,80,48,1,1,Right,10,5
25,183,81,60,2,4,Right,52,50
19,185,75,50,2,2,Right,20,20
25,178,64,58,2,2,Left,53,26
17,165,64,51,3,3,Right,47,38
27,176,74,63,2,2,Right,59,40
28,181,83,67,2,3,Right,59,17
23,182,77,72,2,3,Right,56,45
24,185,78,66,3,2,Right,35,32
25,177,72,73,2,3,Right,68,53
21,184,74,60,3,3,Right,42,56
31,181,80,83,2,3,Right,69,64
20,185,73,56,2,3,Right,34,55
19,192,84,56,1,2,Right,15,13
19,178,70,62,3,3,Right,42,58
26,174,72,88,4,3,Left,82,88
21,175,73,68,2,4,Left,66,24
21,171,64,59,3,2,Left,52,49
19,184,71,61,3,3,Right,52,35
24,185,81,66,3,4,Left,60,55
30,177,70,69,2,3,Right,57,45
20,167,70,69,5,4,Left,65,61
22,178,69,67,3,3,Left,58,65
33,177,77,66,3,3,Right,56,69
33,178,77,71,3,3,Right,73,48
31,183,73,66,2,2,Right,43,19
34,178,80,71,2,2,Left,61,54
18,186,80,53,2,3,Right,51,48
27,172,72,66,2,3,Right,58,71
28,185,72,63,2,4,Right,59,32
29,178,78,68,3,4,Right,55,62
25,180,70,66,2,3,Left,60,39
22,172,71,77,4,3,Right,74,64
17,180,75,53,2,2,Right,58,52
29,193,96,72,3,4,Right,34,77
22,187,80,75,2,4,Right,43,41
26,181,78,73,2,2,Left,66,61
32,180,74,69,2,3,Right,30,22
29,183,76,62,2,3,Right,37,39
27,181,76,70,2,3,Right,38,17
20,170,68,52,2,2,Right,51,51
26,181,71,73,2,3,Right,35,36
32,179,77,68,2,3,Right,64,56
38,191,88,77,1,3,Right,16,13
23,181,74,67,3,3,Right,64,64
31,184,77,80,4,3,Right,69,83
25,175,75,60,2,3,Left,40,63
18,178,65,58,3,3,Left,55,28
32,171,71,62,2,3,Right,69,51
22,177,68,65,3,3,Left,57,49
23,178,74,65,2,3,Right,66,31
23,175,72,68,3,3,Right,64,65
34,196,93,72,1,2,Right,12,12
19,182,71,52,2,3,Right,41,39
24,195,93,69,2,2,Left,28,65
23,173,70,68,3,4,Right,61,62
20,176,65,78,3,3,Right,70,62
23,184,78,63,2,2,Left,40,30
18,182,78,62,3,3,Left,48,48
20,187,74,60,2,2,Right,37,22
18,173,55,63,4,3,Left,58,64
22,182,74,74,2,3,Right,71,34
23,181,73,72,2,3,Left,57,29
22,183,86,58,2,2,Right,51,23
35,176,72,68,3,3,Right,52,48
21,181,75,62,2,3,Right,49,57
26,185,81,70,2,2,Right,33,30
24,184,79,64,2,4,Right,63,63
25,180,69,73,4,3,Right,73,68
27,176,70,65,3,4,Left,53,57
29,175,75,69,2,2,Right,75,44
21,185,87,66,1,2,Right,14,18
22,172,72,70,4,3,Right,62,74
37,181,77,62,2,3,Right,62,55
26,178,77,73,3,4,Left,74,68
25,185,67,70,4,3,Right,54,60
22,183,75,69,1,4,Left,14,15
32,176,75,74,3,3,Left,68,59
27,180,71,71,2,3,Left,69,64
23,190,80,67,3,3,Right,59,72
24,189,85,74,2,3,Right,30,14
23,183,80,64,2,2,Left,61,25
25,184,73,79,4,4,Right,76,64
23,181,83,64,2,3,Right,56,35
28,186,82,73,2,3,Right,67,39
33,176,77,75,2,3,Right,73,61
20,178,65,58,2,2,Right,37,64
21,177,70,60,2,3,Right,42,60
22,165,62,61,3,2,Right,52,55
21,178,73,51,2,3,Left,42,38
27,167,57,58,2,3,Left,56,39
18,176,78,61,2,3,Right,50,34
20,185,86,69,2,3,Right,33,67
28,184,83,61,1,2,Right,13,14
23,170,66,69,2,3,Right,66,31
36,185,78,73,1,3,Left,11,9
19,175,64,58,4,4,Right,42,55
24,168,60,66,3,4,Right,66,54
29,183,76,76,3,3,Left,74,77
19,177,76,60,2,3,Left,36,34
21,178,73,65,2,3,Right,60,47
24,195,87,66,2,3,Right,38,31
25,181,81,63,3,3,Right,62,60
36,175,72,73,2,3,Right,68,60
22,194,84,63,2,2,Right,49,63
23,190,88,64,2,2,Right,34,28
22,175,70,65,2,2,Left,71,20
27,178,78,85,3,3,Right,78,46
31,193,82,74,1,3,Right,13,11
32,188,89,77,2,3,Right,25,35
27,188,82,51,3,3,Left,47,39
23,186,79,65,3,2,Right,49,51
22,183,73,66,3,4,Right,48,62
22,185,70,59,2,3,Right,45,19
20,190,78,61,2,2,Right,28,29
18,185,75,56,3,2,Right,39,55
34,178,70,64,3,3,Right,64,57
25,190,78,69,2,3,Left,62,29
28,180,75,76,2,3,Right,61,65
29,197,84,63,2,2,Right,54,29
33,186,101,77,2,3,Right,17,19
24,190,86,69,2,3,Right,28,24
28,180,79,74,3,2,Left,80,51
29,183,76,69,2,4,Right,62,13
27,186,81,60,1,3,Right,13,19
18,175,62,53,2,3,Left,46,57
18,182,80,53,3,3,Right,52,56
20,175,70,58,2,2,Left,51,34
22,185,73,64,3,3,Right,28,66
29,177,72,66,3,4,Left,51,65
27,189,77,73,2,2,Right,49,25
27,182,76,70,2,3,Right,65,31
26,175,71,70,2,4,Right,42,71
31,188,79,74,3,3,Right,73,73
22,179,84,62,3,3,Right,54,63
29,177,75,74,3,4,Right,70,65
23,178,74,72,2,3,Right,52,57
27,193,83,69,3,3,Left,41,74
26,183,87,61,2,3,Left,24,16
20,172,72,67,3,3,Right,53,67
17,177,76,62,2,3,Right,37,31
25,183,81,62,3,4,Left,58,62
24,191,91,80,1,2,Right,17,13
24,176,71,74,4,4,Right,69,67
23,175,74,70,2,3,Right,61,42
23,183,79,63,2,2,Right,49,58
25,187,79,69,2,2,Left,31,44
22,178,68,64,2,2,Right,57,30
29,173,67,61,2,3,Right,48,42
34,179,72,69,2,3,Right,61,55
24,188,86,64,2,3,Left,28,20
24,183,76,76,2,2,Left,76,38
19,168,65,70,3,3,Right,66,60
27,185,81,70,2,3,Right,41,32
26,171,64,79,3,3,Right,77,72
20,180,75,55,2,2,Right,48,28
23,185,66,63,1,2,Right,12,12
22,183,75,65,2,3,Right,67,34
25,175,63,60,2,2,Left,57,21
28,185,78,68,2,4,Right,55,36
26,178,74,68,3,3,Left,63,47
31,195,83,64,2,3,Right,32,65
25,185,77,73,1,3,Left,14,20
23,180,74,66,2,3,Right,54,43
17,180,70,50,3,3,Right,36,22
25,185,83,77,2,3,Right,31,34
24,186,81,69,2,3,Right,28,70
23,174,65,62,2,3,Right,68,55
28,180,77,63,2,4,Right,48,61
29,185,79,77,3,3,Right,62,77
24,190,77,68,2,3,Left,47,25
23,177,73,88,4,3,Left,80,85
19,186,79,56,3,3,Right,49,62
23,170,63,68,3,4,Right,61,65
25,186,79,73,2,3,Right,47,42
33,182,78,63,3,3,Right,46,57
24,182,78,65,1,3,Right,15,14
23,189,84,78,2,3,Right,38,43
21,181,78,67,2,2,Right,54,43
28,193,84,70,2,3,Right,49,54
25,189,80,65,1,3,Right,15,11
23,180,79,61,3,2,Left,60,29
30,179,66,79,3,3,Right,75,72
23,176,62,64,2,3,Right,64,61
17,182,69,52,2,3,Right,31,51
25,178,74,67,2,4,Right,56,58
26,190,92,64,2,3,Right,22,68
30,190,86,68,1,3,Right,16,16
19,180,75,51,3,3,Right,50,48
20,179,73,68,3,3,Right,33,39
25,178,76,66,3,2,Right,65,44
21,177,66,56,2,3,Right,25,60
25,173,72,58,2,3,Right,54,39
30,186,80,70,2,2,Right,53,21
33,187,82,74,2,3,Right,45,44
34,185,77,76,2,3,Right,34,35
19,185,78,58,1,2,Right,14,14
36,173,72,67,3,4,Right,68,64
30,180,73,67,2,3,Right,53,43
27,194,90,56,1,3,Left,11,6
31,183,73,67,3,4,Right,59,61
25,183,81,64,2,2,Right,52,52
20,182,75,56,2,2,Left,49,39
24,176,67,73,2,2,Right,52,75
23,172,64,75,3,3,Right,67,68
21,168,69,72,2,3,Right,74,48
24,173,67,77,2,4,Right,75,33
20,173,70,67,3,4,Right,64,55
25,173,70,71,3,4,Right,73,64
28,182,77,61,2,3,Right,57,31
25,187,87,68,2,5,Right,50,20
23,196,74,63,2,3,Left,45,33
23,185,77,63,2,2,Right,32,23
27,172,71,71,2,3,Right,52,53
32,182,82,68,2,3,Right,55,21
19,195,86,46,1,2,Right,9,20
29,170,68,66,2,3,Right,63,56
33,179,78,66,2,2,Left,43,58
24,183,78,72,2,4,Left,70,40
21,164,60,72,4,4,Right,65,71
23,173,66,58,2,3,Right,50,37
27,170,63,76,3,2,Right,74,70
19,176,68,51,3,3,Right,43,38
26,183,74,60,3,3,Right,60,48
26,188,80,70,2,3,Left,38,20
26,179,82,55,2,2,Left,46,29
20,175,72,59,3,4,Left,65,46
19,183,75,60,2,3,Right,33,26
20,176,70,65,4,3,Right,62,58
30,175,68,68,3,4,Left,80,61
19,175,70,62,2,2,Left,56,59
21,170,68,60,3,3,Right,56,49
31,180,76,68,3,3,Left,66,39
25,186,81,74,3,3,Right,73,70
21,180,68,67,2,3,Right,54,41
20,183,72,67,3,3,Right,53,65
21,168,67,61,2,2,Left,58,40
31,176,73,66,2,2,Right,58,53
19,188,82,55,2,3,Left,26,23
31,175,70,66,3,3,Right,67,49
22,178,72,61,2,2,Right,41,61
20,186,76,58,2,3,Right,34,31
22,170,64,62,3,3,Right,51,55
25,186,80,76,1,3,Right,8,9
26,172,65,72,3,4,Right,69,45
22,184,74,60,1,3,Right,12,15
22,172,65,58,2,2,Right,58,42
23,172,70,53,2,2,Right,36,48
33,182,84,61,3,3,Right,49,64
24,170,70,74,4,4,Right,71,68
17,185,77,61,3,3,Right,42,63
35,191,95,64,2,3,Right,47,60
24,174,69,80,4,3,Right,85,79
18,166,66,58,3,4,Right,29,34
27,183,83,65,2,4,Right,29,19
31,177,66,68,3,3,Left,68,63
23,191,86,75,3,4,Right,67,65
23,183,78,61,3,3,Right,45,63
28,187,86,74,3,3,Left,64,74
32,183,78,73,2,3,Right,75,40
28,176,74,69,3,3,Right,71,67
21,180,68,63,2,2,Right,49,37
35,180,71,65,3,3,Right,54,64
20,175,70,61,2,3,Right,38,34
25,180,74,77,3,3,Right,63,82
25,174,70,66,2,2,Right,72,48
33,169,69,70,2,4,Right,67,70
24,192,85,73,1,3,Right,15,19
22,173,73,59,3,4,Right,55,58
31,180,75,64,3,3,Right,50,56
24,186,78,71,2,3,Right,52,24
23,167,72,67,2,2,Left,67,64
22,190,80,76,2,3,Right,60,77
33,186,85,65,1,3,Right,7,11
28,182,70,70,3,3,Right,65,65
18,172,70,58,3,3,Left,49,51
31,178,75,68,2,2,Right,48,40
22,185,73,64,3,2,Left,55,50
23,182,65,74,4,5,Right,61,70
24,188,85,62,2,3,Right,31,22
25,173,66,67,3,4,Right,59,63
28,184,81,73,3,3,Right,73,70
22,180,70,61,2,3,Right,52,42
27,177,73,65,3,4,Left,66,57
19,176,70,60,2,2,Left,44,39
20,173,65,60,3,4,Right,55,51
22,191,73,62,2,3,Right,28,18
22,174,61,66,3,3,Right,65,54
25,179,77,64,3,3,Right,47,64
22,193,81,68,1,2,Right,12,20
29,182,80,78,3,3,Right,76,69
33,180,75,63,1,3,Right,35,21
22,176,73,75,2,3,Right,59,60
27,176,72,74,3,5,Right,75,68
24,180,82,62,2,2,Right,22,60
34,191,92,73,1,2,Right,11,11
29,187,83,69,2,3,Left,59,45
22,173,70,73,3,3,Left,71,65
20,181,75,60,2,3,Right,26,16
30,176,70,76,2,3,Right,74,29
31,189,88,82,2,4,Right,62,84
27,178,79,73,4,3,Left,69,62
29,181,79,74,2,3,Left,62,47
31,177,74,67,2,3,Right,67,53
27,178,76,66,2,3,Right,64,25
24,187,81,68,1,2,Left,15,15
30,186,86,80,4,4,Right,75,75
31,175,70,70,3,4,Right,64,69
27,186,78,63,3,3,Left,56,59
31,178,82,60,2,3,Right,50,19
33,176,75,72,2,4,Right,62,41
22,180,77,65,2,3,Right,45,64
33,173,64,73,4,3,Left,76,66
27,186,83,72,3,3,Right,53,72
24,190,93,73,3,4,Right,55,74
22,178,79,73,3,3,Right,62,75
31,187,84,67,2,3,Left,58,25
22,190,87,69,1,3,Right,21,16
21,189,80,60,2,3,Left,58,53
30,196,87,69,2,3,Right,29,38
22,180,68,61,2,2,Right,42,55
25,187,77,72,3,3,Right,75,64
22,185,70,55,2,2,Right,39,34
27,182,67,71,2,3,Right,45,56
22,177,70,61,2,3,Right,36,63
24,188,88,68,2,3,Right,51,40
19,179,76,52,2,3,Right,40,25
23,178,76,76,2,3,Right,79,32
21,178,80,65,2,3,Right,50,36
29,183,73,71,3,4,Left,67,58
29,191,88,75,2,3,Right,55,31
21,184,81,66,2,3,Left,45,67
23,178,73,77,3,5,Right,76,72
23,182,70,64,2,2,Right,58,49
30,187,83,66,2,2,Left,65,42
20,175,68,58,2,2,Right,36,24
25,174,80,63,2,3,Right,38,29
19,174,72,62,3,3,Right,37,54
22,175,72,62,2,4,Left,63,52
26,193,91,57,1,2,Right,17,16
27,183,85,72,3,4,Right,60,71
26,183,83,63,2,3,Right,54,47
20,182,75,60,2,2,Left,31,28
34,186,77,70,2,3,Right,74,43
28,176,72,60,2,3,Right,65,70
19,178,74,60,2,3,Left,59,33
24,184,82,72,2,3,Left,61,57
21,189,77,67,2,3,Left,52,35
32,181,75,64,3,3,Right,70,65
23,188,76,62,2,3,Left,50,22
24,188,83,80,2,3,Left,46,27
18,181,80,69,3,3,Right,58,69
25,186,85,58,2,3,Left,49,52
22,183,77,69,3,3,Left,68,62
25,190,80,67,2,4,Right,37,28
36,185,83,58,1,3,Right,13,9
23,187,75,63,1,3,Right,14,16
25,171,69,62,2,2,Right,67,20
23,176,74,71,3,3,Right,73,32
20,186,80,61,2,3,Right,29,26
28,188,86,67,4,4,Right,63,64
24,173,72,72,3,3,Right,58,58
27,186,86,67,3,3,Right,46,71
19,165,55,64,3,3,Right,56,57
23,188,76,67,2,3,Right,30,21
37,182,73,70,2,3,Right,67,56
26,182,83,61,2,2,Right,60,20
20,185,70,59,3,3,Right,48,52
21,180,73,76,3,3,Right,75,62
27,190,84,80,1,2,Right,11,15
24,178,75,69,2,3,Right,50,37
25,174,64,69,2,3,Right,57,51
18,191,70,53,2,2,Right,24,17
27,185,77,76,2,2,Left,54,32
21,177,65,67,3,4,Right,53,65
35,179,76,62,2,4,Left,60,54
32,175,74,76,3,3,Right,64,52
25,178,72,69,3,5,Right,60,50
33,182,81,72,2,3,Left,71,41
18,178,70,63,2,3,Right,26,29
21,183,65,64,1,3,Right,20,13
26,171,67,73,3,4,Right,67,71
21,177,65,66,2,2,Left,63,59
26,175,72,62,3,3,Right,57,61
25,178,82,69,3,3,Right,52,68
25,173,78,67,3,4,Right,56,72
22,188,79,56,2,2,Right,39,16
25,195,87,66,1,2,Right,13,12
37,170,66,67,4,4,Left,67,63
27,183,73,68,2,3,Right,65,46
21,182,73,59,3,3,Right,60,58
32,178,73,70,3,3,Right,62,72
26,188,78,72,3,4,Right,50,73
26,180,71,65,3,4,Left,64,68
25,177,68,71,2,3,Right,69,28
30,198,90,74,1,3,Right,11,12
17,182,76,55,2,3,Right,23,21
21,181,76,58,2,2,Right,51,32
22,180,68,64,3,3,Left,65,45
30,190,92,84,2,3,Right,45,45
29,191,85,56,2,2,Right,24,20
27,169,62,58,2,3,Right,58,32
30,183,74,66,3,3,Left,61,62
19,185,80,50,2,3,Right,50,31
28,188,77,62,2,3,Right,46,17
26,185,72,65,2,2,Right,66,40
30,178,68,71,2,4,Right,61,57
21,182,77,72,4,2,Left,63,64
26,170,70,68,3,4,Left,66,60
22,180,70,66,1,2,Right,11,7
17,165,68,56,3,3,Right,40,58
18,170,74,70,2,2,Left,74,57
24,174,67,69,3,3,Left,67,66
25,174,74,72,3,3,Right,70,54
20,168,64,70,2,2,Right,55,68
29,187,89,76,1,3,Right,14,13
24,183,76,64,2,2,Right,40,31
17,177,70,57,3,3,Right,43,59
18,184,75,50,2,3,Right,41,43
22,175,73,63,2,3,Right,56,61
22,187,77,75,2,2,Left,62,56
19,192,85,60,2,3,Right,42,31
30,183,74,74,2,4,Right,64,71
32,175,80,59,2,3,Right,40,30
30,173,69,71,4,3,Right,73,59
27,179,72,74,3,2,Left,78,55
18,179,72,50,2,3,Right,36,28
24,188,85,66,2,3,Right,41,22
24,179,72,77,3,4,Right,70,79
29,178,76,73,3,3,Left,53,75
23,191,74,58,1,1,Right,12,5
28,178,72,63,3,4,Right,68,60
25,178,72,49,3,2,Right,38,26
27,177,74,67,3,3,Right,58,68
19,179,70,50,2,3,Right,51,35
23,182,81,73,2,3,Left,62,75
25,180,65,69,2,3,Right,53,50
24,184,82,73,2,3,Left,57,38
19,178,68,71,3,3,Right,60,56
20,166,60,57,2,3,Right,49,26
27,183,79,65,2,2,Right,63,35
21,183,70,65,1,3,Right,19,12
24,179,77,68,3,3,Right,52,69
20,183,69,68,3,4,Right,53,67
24,185,78,62,1,3,Right,12,13
18,177,70,47,2,2,Right,34,47
19,184,72,55,3,3,Right,52,46
27,176,76,66,2,2,Right,58,65
30,192,80,79,1,2,Right,13,10
29,182,74,74,4,3,Right,71,68
23,188,78,62,3,3,Right,54,62
25,183,75,67,3,3,Right,68,77
34,175,78,63,3,3,Right,67,63
28,181,80,61,2,2,Right,60,40
26,187,78,64,2,4,Right,42,62
27,173,68,69,3,2,Right,48,45
24,179,70,67,3,4,Right,65,61
26,174,71,61,2,3,Right,66,47
33,178,76,70,2,2,Left,70,47
23,178,73,64,3,3,Right,42,59
34,175,68,62,2,3,Left,60,34
27,188,79,66,3,3,Right,53,67
21,176,65,60,3,3,Right,63,63
31,171,64,74,3,3,Right,70,67
24,190,80,72,2,5,Right,61,60
25,174,75,68,2,3,Right,49,52
19,178,73,61,2,3,Left,39,53
23,180,73,58,3,2,Left,54,56
36,175,63,69,2,4,Right,64,43
28,186,87,86,3,4,Right,65,88
21,178,74,60,2,3,Right,47,46
21,180,75,82,3,4,Right,69,86
25,178,79,66,2,3,Right,33,25
30,177,76,71,3,3,Right,76,44
34,176,77,64,4,3,Right,67,63
21,188,70,67,2,3,Right,26,13
20,190,88,65,1,3,Right,16,11
20,184,72,60,2,3,Right,50,27
22,176,70,67,3,3,Left,69,61
25,185,84,67,3,3,Right,64,62
25,177,69,54,1,2,Right,18,18
25,174,71,66,3,4,Right,64,51
19,182,72,69,2,2,Right,65,35
24,193,88,73,2,3,Left,74,68
25,176,71,69,2,3,Right,66,54
28,175,71,71,3,3,Left,68,66
21,183,78,70,2,3,Right,59,49
26,191,85,67,1,2,Left,12,15
23,178,75,66,3,4,Right,55,64
27,178,74,72,2,2,Right,64,21
18,174,75,56,2,3,Right,50,27
26,184,79,75,2,2,Left,69,54
25,194,86,66,2,2,Right,18,26
31,187,77,62,2,4,Right,45,44
30,166,67,69,2,4,Right,71,41
23,180,67,61,2,3,Right,44,45
28,193,88,72,1,3,Right,15,20
25,182,76,70,3,3,Right,54,74
28,172,67,57,2,3,Left,57,32
20,180,70,63,2,4,Right,59,45
22,173,62,62,2,3,Right,56,38
28,178,76,64,2,3,Left,64,43
28,189,83,69,2,3,Left,66,61
20,183,68,58,2,4,Right,35,59
32,183,81,67,2,3,Right,23,26
20,170,69,62,3,3,Right,50,55
30,186,88,69,2,4,Right,40,28
33,175,69,65,3,3,Left,59,24
27,186,80,66,2,2,Right,66,67
20,186,80,62,3,3,Right,30,63
23,176,74,67,4,3,Right,63,56
24,188,86,60,2,3,Right,28,63
27,190,80,81,1,3,Right,11,11
21,173,67,65,2,3,Right,61,32
29,163,62,65,3,3,Right,58,57
32,193,82,66,2,3,Right,62,52
27,187,79,64,1,2,Right,13,18
22,179,76,59,1,2,Right,19,13
30,176,73,73,3,3,Left,71,31
29,188,80,74,1,3,Right,11,16
30,186,80,77,2,2,Left,34,21
20,179,72,65,3,2,Right,58,55
28,168,66,73,3,3,Left,59,45
30,182,73,60,2,2,Right,29,63
25,188,78,76,2,3,Right,61,41
18,180,70,48,2,2,Left,43,27
25,180,73,65,2,3,Right,58,19
30,183,75,66,1,3,Right,9,12
18,188,81,52,2,3,Right,23,23
25,189,90,75,1,2,Right,15,12
32,184,77,72,2,3,Right,46,53
23,196,87,63,1,2,Right,18,18
24,172,62,64,3,4,Left,67,61
25,178,65,77,3,3,Right,74,68
20,168,69,52,2,4,Right,43,23
25,185,78,67,3,3,Left,34,66
29,182,87,72,2,3,Left,53,29
30,185,80,65,1,2,Right,15,20
24,167,66,65,3,3,Left,55,48
30,177,74,69,3,3,Left,68,68
25,179,70,65,2,3,Left,43,29
28,189,70,61,2,2,Right,47,34
22,188,75,66,3,4,Right,52,66
24,186,78,58,2,2,Right,43,29
19,182,70,56,3,3,Right,34,51
21,179,72,55,2,3,Right,31,26
27,196,83,66,2,2,Right,22,20
23,177,65,67,2,3,Right,55,45
27,183,76,60,2,4,Right,62,35
22,184,73,63,2,3,Right,37,26
25,182,75,73,2,5,Right,46,51
24,188,82,62,3,3,Right,51,59
35,183,88,65,3,3,Right,66,62
19,183,75,63,3,3,Right,41,41
27,196,89,74,1,2,Right,16,11
27,184,73,74,3,3,Right,58,80
32,193,86,72,2,4,Left,27,40
24,182,82,65,2,4,Right,32,66
24,192,82,64,2,3,Left,58,21
28,175,74,65,2,4,Left,66,55
25,178,65,66,3,3,Right,65,53
29,183,75,66,2,4,Right,64,54
20,178,60,60,2,3,Right,37,23
31,184,81,70,2,3,Left,63,34
19,186,81,52,1,3,Right,14,5
19,178,70,60,2,3,Right,60,50
22,171,63,65,3,4,Right,58,41
20,191,85,53,2,3,Right,25,58
27,185,79,72,3,3,Left,71,52
35,193,85,64,1,1,Right,14,11
26,181,69,64,3,3,Right,61,62
29,194,90,70,1,3,Right,12,12
29,180,79,77,4,4,Right,74,72
25,169,71,72,3,5,Right,76,70
21,177,69,59,3,3,Right,61,54
28,188,90,66,1,2,Right,12,14
23,186,79,68,2,3,Left,22,35
32,186,80,67,3,3,Right,67,61
27,186,80,76,2,3,Left,57,44
23,180,80,59,2,3,Right,42,64
28,178,72,67,2,4,Right,62,68
26,175,68,71,3,2,Left,69,49
20,175,69,63,3,2,Left,45,60
28,180,77,62,2,3,Left,52,63
19,188,76,51,1,3,Left,11,8
31,186,82,71,2,2,Right,40,28
38,186,78,70,2,3,Right,60,40
19,175,70,60,3,3,Left,56,31
28,190,78,70,2,2,Right,48,68
21,187,84,70,2,2,Right,30,22
17,172,70,65,2,2,Right,64,25
31,169,60,70,3,3,Right,75,47
29,193,84,74,3,3,Right,62,72
28,179,77,73,2,4,Right,49,45
23,180,73,58,3,3,Right,57,54
19,172,66,56,2,3,Left,57,40
25,178,77,61,2,3,Right,55,43
18,175,68,63,2,2,Right,42,27
30,185,86,70,1,3,Right,14,16
19,185,76,54,2,2,Right,37,37
19,180,73,60,2,3,Right,49,40
21,176,67,60,3,4,Left,55,51
26,186,84,60,1,3,Right,33,6
21,178,73,54,2,3,Left,53,43
33,168,62,69,4,3,Right,64,58
31,175,85,75,4,3,Left,72,64
22,182,73,62,2,2,Left,60,51
20,177,64,59,2,3,Left,58,30
28,194,80,69,2,2,Right,24,25
17,185,70,51,2,3,Right,44,43
24,191,82,78,2,4,Right,51,78
25,172,65,71,3,3,Left,72,70
33,178,67,71,2,3,Right,68,42
22,186,76,60,2,3,Right,33,27
18,193,82,77,1,3,Right,13,6
21,185,83,66,2,3,Left,63,28
22,185,75,79,2,3,Left,36,20
29,188,85,73,2,3,Right,49,75
23,188,86,83,1,2,Left,20,14
29,176,70,66,2,4,Left,61,39
30,183,71,58,2,3,Left,60,52
22,183,70,60,3,2,Right,48,59
27,177,72,76,3,4,Right,77,73
23,185,79,51,3,3,Left,43,39
32,188,75,74,3,3,Right,64,73
39,172,75,65,2,3,Right,61,49
18,177,72,62,3,3,Left,32,73
32,179,73,56,2,3,Right,62,25
25,192,87,78,1,2,Right,13,18
26,184,71,58,2,2,Right,56,35
30,178,79,70,3,4,Right,63,70
19,181,68,52,3,4,Right,55,48
29,187,84,66,1,2,Right,13,15
19,193,80,62,1,2,Right,12,5
30,174,75,66,3,3,Left,64,45
21,185,72,58,1,3,Right,18,12
25,185,83,58,1,2,Right,13,8
23,196,92,63,2,3,Right,29,30
20,170,66,60,2,2,Right,57,40
23,175,73,60,2,3,Right,62,49
21,186,72,67,3,3,Right,29,74
24,185,82,68,2,3,Right,52,35
29,173,71,66,3,5,Left,63,53
23,171,65,77,3,4,Left,75,69
20,187,74,62,2,3,Right,54,49
19,178,67,67,3,2,Right,53,57
28,191,87,68,1,3,Right,13,12
21,193,86,64,1,1,Right,12,8
25,179,70,65,3,3,Right,67,42
20,185,75,57,2,3,Right,57,47
27,186,75,61,3,3,Left,33,64
24,185,73,66,2,3,Left,67,35
26,174,70,68,3,3,Right,61,73
33,187,82,73,3,4,Right,57,75
23,185,74,65,3,3,Right,38,67
26,184,73,67,3,3,Right,51,68
28,175,75,74,2,3,Right,69,60
21,177,71,78,4,3,Left,78,69
20,190,83,55,2,2,Right,22,18
25,191,90,67,1,3,Right,32,23
35,172,69,70,2,3,Right,55,33
18,175,74,58,3,3,Left,54,48
21,186,83,74,2,3,Left,59,62
33,189,80,73,2,3,Left,54,53
25,176,73,75,3,4,Right,73,66
25,177,75,73,4,2,Left,76,46
22,178,72,66,2,3,Right,62,58
22,165,55,59,2,3,Right,44,39
23,191,79,69,2,3,Right,55,35
30,191,107,67,1,3,Right,15,14
33,179,74,67,3,3,Right,55,71
23,178,74,54,3,3,Left,50,56
24,190,83,73,2,3,Right,36,42
28,185,84,70,2,3,Right,62,35
22,189,78,61,1,3,Right,12,7
20,178,72,63,2,3,Left,67,45
22,191,85,67,2,4,Right,44,36
24,190,91,70,2,3,Right,32,30
27,189,84,60,2,3,Right,24,20
25,166,66,76,3,3,Right,75,65
30,178,72,59,3,3,Right,30,60
21,170,65,59,3,3,Left,56,49
21,193,85,64,1,2,Right,14,12
22,178,71,61,2,3,Right,41,41
28,191,84,68,1,2,Right,15,13
28,185,80,57,2,3,Left,24,21
22,187,83,63,1,2,Right,11,5
25,178,75,75,2,4,Left,50,61
28,188,84,57,2,2,Right,24,58
30,177,75,70,2,3,Left,78,35
20,183,80,57,2,2,Right,33,27
18,178,73,83,4,4,Right,70,87
24,188,78,71,3,2,Right,65,42
22,183,71,64,3,3,Left,44,61
22,186,79,71,2,3,Right,54,46
22,185,84,67,2,2,Right,34,31
23,173,64,75,3,4,Right,74,68
28,180,73,75,3,3,Right,71,45
22,173,65,69,2,3,Right,58,70
20,177,72,62,3,3,Right,32,46
22,171,68,56,2,2,Left,48,29
28,170,70,68,4,3,Right,70,58
25,181,77,67,2,3,Right,59,33
24,192,85,76,1,2,Right,18,15
39,182,83,55,2,3,Right,52,35
22,191,83,64,2,2,Right,35,38
29,171,72,69,2,4,Right,69,53
26,184,80,64,2,3,Left,63,36
30,175,63,71,4,4,Right,65,61
24,183,71,67,2,3,Right,63,65
24,184,78,67,2,3,Right,25,34
22,190,73,55,1,2,Right,21,10
28,189,78,75,2,4,Right,36,34
19,178,67,55,2,2,Left,35,27
29,180,79,69,2,3,Right,28,34
27,175,68,74,2,3,Right,73,42
36,182,76,73,2,3,Left,79,44
20,175,70,59,3,3,Right,56,27
24,189,74,77,2,3,Right,49,44
19,185,85,63,3,4,Right,66,62
28,186,81,65,3,2,Right,61,64
31,191,84,76,2,3,Right,60,51
21,172,60,65,3,3,Left,60,62
22,177,69,57,3,3,Right,48,56
22,183,75,53,1,3,Right,14,6
21,177,70,70,3,4,Right,64,65
23,180,74,68,2,3,Right,43,41
32,186,79,70,1,2,Right,13,11
30,181,76,68,3,4,Left,62,63
21,188,74,61,2,3,Right,51,31
29,182,76,78,3,4,Right,62,75
22,174,69,58,2,3,Right,49,17
19,192,89,58,1,2,Right,10,2
26,174,74,68,2,3,Right,63,54
24,184,70,68,2,3,Right,30,22
28,190,83,62,1,3,Right,21,12
19,182,75,70,3,3,Right,34,68
20,186,79,58,2,3,Left,49,17
32,183,78,72,1,2,Right,14,15
20,180,75,59,2,3,Right,48,25
22,170,68,55,2,3,Left,54,34
24,175,69,73,4,3,Right,76,63
36,183,81,71,2,2,Left,64,37
31,196,86,78,1,3,Right,13,15
34,202,100,65,2,1,Right,43,68
29,188,86,76,4,4,Right,64,75
28,183,80,64,2,3,Right,67,50
21,191,83,63,2,3,Left,34,22
27,180,75,71,2,3,Left,68,31
25,174,70,80,4,4,Left,81,73
20,184,83,59,2,2,Right,31,21
31,159,59,74,5,3,Left,75,69
24,186,74,61,1,2,Right,18,19
19,191,77,70,2,3,Right,47,35
25,174,68,71,2,3,Right,43,41
22,181,66,73,2,2,Left,62,48
24,172,72,82,4,3,Right,75,72
27,185,77,69,3,4,Right,68,64
22,181,70,56,3,3,Left,54,50
25,176,81,69,2,3,Left,73,29
30,180,70,67,3,3,Right,68,28
22,185,83,72,3,3,Right,54,72
25,187,77,64,2,4,Right,59,66
23,190,85,70,2,3,Right,26,36
32,173,72,74,4,3,Right,76,66
23,198,88,70,1,2,Right,19,9
26,182,77,67,3,3,Left,60,45
27,190,84,69,2,2,Left,55,41
33,184,82,59,1,2,Right,11,7
22,185,81,66,1,2,Right,12,11
18,181,73,62,2,4,Right,40,66
33,187,82,71,1,2,Right,14,20
26,183,76,62,2,3,Right,31,69
32,187,73,67,2,3,Right,32,24
18,185,76,58,1,3,Right,12,9
32,172,75,78,3,5,Left,81,59
22,188,79,62,2,4,Left,63,30
27,185,78,68,2,3,Right,60,61
20,179,70,69,3,3,Right,72,66
27,180,73,74,3,2,Left,71,71
24,170,71,63,3,4,Left,55,55
33,186,80,66,3,4,Right,64,64
20,180,74,70,3,4,Right,59,46
24,190,78,74,2,3,Left,53,27
27,193,76,68,1,2,Right,14,13
21,171,61,70,4,4,Right,61,64
20,173,64,63,2,3,Right,65,58
24,184,72,69,2,3,Right,65,49
25,189,79,60,2,2,Left,45,34
18,184,71,56,2,3,Right,30,21
25,188,78,65,2,3,Right,59,65
33,170,72,71,2,4,Right,66,63
21,189,75,72,2,3,Right,52,30
27,180,73,66,2,2,Right,32,29
21,180,75,58,2,3,Right,43,61
36,189,79,66,2,3,Right,57,47
21,177,69,79,4,4,Right,67,60
21,187,85,72,2,3,Right,24,39
28,182,74,83,3,4,Right,84,75
20,187,76,59,2,2,Right,42,21
32,167,64,71,3,3,Left,76,60
24,177,72,75,3,4,Left,79,61
24,188,84,71,2,2,Right,49,29
22,183,70,66,2,3,Right,64,68
23,190,82,69,2,3,Left,29,70
18,176,71,53,2,3,Right,40,32
20,183,69,63,2,3,Right,39,33
25,158,68,69,4,4,Left,70,64
20,190,75,61,2,2,Right,32,21
33,189,84,69,2,3,Right,49,36
24,180,67,55,2,3,Left,52,53
21,176,71,61,3,3,Right,54,52
25,177,75,74,3,4,Right,71,51
23,195,92,62,2,2,Right,22,25
32,191,90,65,1,3,Right,19,12
33,187,80,72,2,4,Right,65,52
19,184,75,60,3,3,Right,38,60
23,176,71,68,3,3,Right,67,46
18,170,64,69,3,3,Right,58,47
21,177,73,64,2,3,Left,57,31
20,159,57,64,2,2,Right,52,34
25,169,72,82,4,4,Left,74,72
28,188,80,75,2,3,Right,30,29
20,184,70,55,1,3,Right,18,11
20,189,91,59,1,3,Right,13,9
32,179,77,76,2,3,Right,56,43
18,176,61,65,4,3,Left,56,60
17,175,70,59,3,2,Right,36,73
27,178,78,79,4,4,Right,78,76
18,177,75,49,2,5,Right,40,29
27,188,77,66,2,3,Right,29,24
24,191,81,60,3,3,Right,50,56
24,193,90,74,1,2,Right,14,11
28,188,76,64,2,3,Left,62,35
28,185,70,68,1,3,Right,13,14
24,181,78,63,2,3,Left,58,37
22,184,78,60,2,3,Right,29,60
24,180,70,77,3,3,Right,67,57
30,167,61,69,4,4,Right,70,69
27,176,72,65,2,3,Right,61,66
25,186,79,69,2,3,Right,59,30
21,183,79,61,2,3,Right,44,49
29,174,73,72,3,3,Right,72,64
25,178,72,73,2,1,Left,72,43
26,170,68,62,3,2,Left,60,64
26,186,82,65,2,2,Right,33,38
33,183,79,73,3,3,Right,73,62
30,179,77,78,4,3,Right,68,67
23,184,81,66,3,3,Right,64,64
28,189,83,74,2,3,Right,44,56
27,181,76,63,2,3,Left,54,23
23,175,73,68,3,3,Right,56,57
31,177,72,74,4,3,Right,68,71
20,182,75,58,2,3,Right,52,28
23,171,68,69,3,3,Right,62,65
27,187,86,65,2,3,Right,56,66
23,181,74,61,2,3,Right,46,56
26,179,70,73,3,3,Right,68,78
25,172,65,68,2,3,Right,65,19
21,172,73,65,3,3,Right,56,61
25,188,83,67,1,2,Left,18,17
34,184,87,80,1,3,Right,10,19
24,188,88,67,2,4,Right,28,72
23,184,85,64,2,3,Left,36,41
28,186,76,65,2,3,Right,57,20
27,177,78,69,2,3,Right,71,48
21,174,72,63,3,2,Right,56,56
23,186,84,66,2,3,Right,37,21
23,169,69,64,3,2,Left,54,53
21,186,74,68,2,3,Left,54,30
21,199,91,64,2,4,Left,34,65
27,180,77,67,2,3,Right,48,25
27,182,73,73,2,3,Right,68,51
33,187,91,73,1,4,Right,11,12
18,183,70,57,2,3,Left,47,36
35,187,93,81,1,3,Right,11,13
19,182,78,62,3,3,Right,38,68
23,196,83,64,2,3,Left,19,30
23,185,87,64,2,3,Right,62,42
25,176,71,70,2,3,Right,60,29
24,180,70,69,3,4,Right,75,55
27,182,83,77,3,4,Right,75,65
24,190,85,74,4,4,Right,73,70
20,180,67,64,2,3,Right,66,64
18,180,73,62,3,3,Right,53,67
28,179,70,72,2,3,Right,70,64
27,188,80,68,2,3,Right,59,44
22,176,71,71,3,3,Right,74,60
19,180,70,49,2,3,Right,38,20
23,191,87,64,1,2,Right,16,20
21,174,76,75,3,3,Right,62,72
21,182,77,60,1,3,Right,13,8
33,180,70,65,2,3,Left,73,62
25,180,77,66,4,3,Left,66,61
32,191,84,85,1,2,Right,11,10
29,188,83,73,2,3,Left,66,52
24,174,72,67,3,4,Right,69,61
25,182,77,75,2,3,Right,62,57
26,185,85,73,3,3,Right,66,68
20,176,65,63,3,3,Right,45,52
22,178,62,63,2,4,Right,63,64
21,186,70,60,2,2,Right,59,35
22,181,72,60,2,2,Left,63,32
31,182,76,71,3,3,Right,70,55
29,190,83,68,1,3,Left,13,16
18,172,70,50,2,3,Left,43,29
33,186,81,68,2,3,Right,51,46
17,186,75,60,2,3,Left,26,26
24,179,70,82,2,3,Right,63,82
33,189,85,75,2,3,Right,44,57
22,188,78,62,2,3,Right,35,42
29,182,82,62,1,2,Right,14,13
24,176,72,65,2,3,Right,31,17
25,186,80,76,1,3,Right,8,9
18,177,65,52,3,2,Left,54,38
18,170,64,49,2,2,Right,39,25
25,180,83,71,2,3,Right,48,24
23,185,80,74,3,4,Right,65,76
25,177,75,76,4,4,Right,75,74
25,184,78,69,3,3,Right,63,64
27,185,78,76,2,3,Right,51,41
31,171,66,66,2,3,Left,64,55
25,172,70,63,2,3,Right,46,49
33,183,80,65,2,3,Right,34,35
29,186,82,64,1,2,Right,11,11
33,179,74,76,3,4,Right,62,77
20,180,70,55,2,3,Right,49,25
19,180,70,62,3,3,Right,47,64
25,188,87,74,2,3,Right,32,34
21,187,69,62,2,3,Left,59,23
33,190,84,79,1,3,Right,13,9
20,188,78,74,2,3,Right,58,25
30,191,81,72,3,2,Right,36,75
28,175,65,67,3,3,Right,66,61
22,175,70,65,3,3,Right,64,64
25,193,89,66,2,3,Right,50,36
34,190,87,70,2,2,Right,48,43
28,173,75,68,3,3,Right,69,18
33,178,74,77,2,3,Right,78,42
22,179,69,78,3,3,Right,76,65
22,169,68,64,2,3,Left,61,60
20,178,70,74,2,3,Left,75,26
28,180,71,66,2,4,Right,60,38
27,184,76,67,2,3,Right,63,63
23,188,89,74,2,3,Right,46,23
33,186,82,56,2,3,Right,29,16
31,174,67,69,2,3,Right,69,45
25,175,69,69,3,3,Left,70,35
26,186,80,68,2,3,Right,44,23
22,193,82,57,2,3,Left,27,24
27,178,70,70,2,3,Right,66,50
29,180,71,73,2,3,Right,49,34
26,187,75,78,3,3,Right,57,79
19,184,75,59,1,2,Right,15,7
32,186,82,73,2,3,Right,74,40
29,194,85,70,2,3,Right,36,29
21,178,66,66,2,2,Right,49,67
20,182,67,64,3,4,Right,60,59
29,188,84,67,2,3,Right,58,44
21,194,90,71,2,4,Left,51,72
30,175,74,73,3,3,Right,65,68
27,177,75,66,3,3,Right,59,68
17,170,67,50,2,3,Right,37,30
24,185,87,65,2,4,Right,39,23
29,182,82,75,3,3,Left,79,70
28,170,70,62,2,2,Left,62,52
36,180,82,72,3,3,Right,72,59
36,190,84,73,2,3,Right,53,29
32,183,79,68,1,3,Right,9,8
23,179,75,74,2,3,Right,47,54
26,173,69,66,3,4,Right,63,70
27,185,75,80,2,3,Left,79,55
24,170,57,66,3,3,Left,63,63
28,189,85,63,2,3,Right,42,64
24,177,67,63,2,3,Right,40,64
17,192,81,49,1,3,Right,12,8
32,190,90,57,2,2,Right,19,49
26,174,69,70,3,2,Left,72,48
33,182,75,82,2,3,Right,82,45
33,176,71,69,3,3,Left,66,57
32,183,80,73,2,2,Right,48,33
23,169,66,63,2,3,Right,47,29
21,188,80,68,1,3,Right,9,9
25,188,81,62,2,3,Left,22,18
23,181,76,57,2,2,Left,49,25
22,183,77,67,2,2,Right,51,65
27,189,87,73,1,3,Right,8,29
21,182,70,58,2,3,Right,51,50
31,177,69,79,3,3,Right,83,54
30,178,72,71,3,4,Right,70,64
21,187,75,56,2,3,Left,51,50
19,185,68,63,2,3,Left,48,34
17,185,84,55,1,3,Right,10,9
20,173,70,61,2,3,Left,55,61
31,187,84,63,1,2,Right,12,13
17,185,72,51,1,3,Right,13,6
28,183,79,68,2,2,Right,57,51
26,182,84,65,3,3,Right,54,51
25,171,70,67,3,3,Right,57,59
22,187,80,52,1,1,Right,11,9
20,186,67,53,1,3,Right,11,7
30,180,74,66,2,3,Right,57,55
22,193,82,60,1,2,Left,16,18
24,186,75,67,3,3,Right,56,67
21,182,80,62,3,3,Left,42,43
34,185,86,72,2,3,Left,64,55
32,178,76,70,4,3,Left,71,70
26,173,69,80,2,3,Right,84,28
23,183,75,58,1,3,Left,14,10
29,185,87,75,2,3,Right,59,43
33,191,88,72,1,3,Right,15,10
24,164,70,60,3,2,Left,57,35
28,191,91,77,4,4,Right,64,75
26,192,96,66,1,2,Right,13,10
28,183,76,65,2,3,Right,35,49
29,184,77,67,1,3,Right,35,25
28,179,70,75,4,4,Right,81,69
20,192,82,48,1,1,Right,18,13
21,178,71,64,2,2,Right,42,35
23,169,67,61,3,3,Right,52,61
21,185,81,69,3,3,Right,45,69
22,176,72,59,2,3,Right,49,55
30,180,80,76,2,3,Right,40,50
25,183,78,68,2,3,Right,61,21
26,180,74,60,2,2,Right,54,38
29,190,88,76,1,3,Right,33,22
29,182,81,73,2,3,Right,68,70
20,185,83,78,2,3,Right,61,42
22,194,83,60,2,3,Left,22,21
27,176,70,62,2,2,Right,46,36
28,186,75,71,2,3,Left,56,33
32,179,78,67,3,4,Right,50,63
22,183,76,61,2,2,Right,45,25
36,184,78,64,1,2,Right,15,11
25,179,79,71,2,3,Right,33,21
25,180,79,71,2,3,Left,76,30
22,175,72,62,2,4,Right,49,29
29,180,80,73,3,3,Right,65,53
29,177,71,64,2,3,Right,58,64
31,179,74,61,2,3,Right,42,24
25,190,86,65,2,3,Right,59,29
23,194,88,82,1,3,Right,17,14
23,178,76,68,2,3,Right,52,40
26,178,74,79,3,3,Right,60,41
28,177,71,68,2,3,Left,65,51
26,188,76,75,3,2,Right,76,72
20,185,85,59,2,4,Right,56,22
29,193,86,72,3,3,Right,62,55
28,189,77,67,2,2,Left,39,22
31,175,82,67,2,2,Right,55,44
23,180,73,65,3,2,Right,39,60
17,178,70,66,3,3,Left,64,64
21,176,71,75,2,3,Left,72,43
26,179,70,62,2,3,Right,58,35
29,189,87,62,2,4,Left,70,41
33,183,75,72,2,4,Right,58,36
36,180,77,63,1,3,Right,19,10
19,179,62,63,2,3,Right,51,42
34,180,70,69,2,3,Left,43,44
18,195,85,54,1,2,Right,12,8
27,183,78,64,2,3,Right,55,17
23,193,95,58,1,3,Right,12,19
25,185,90,60,1,2,Right,17,17
35,181,74,67,2,3,Right,67,43
24,186,86,62,1,2,Right,12,8
23,193,83,74,2,2,Right,41,28
23,185,72,53,1,2,Right,11,9
21,196,90,66,2,2,Right,31,36
26,173,71,71,3,2,Left,73,42
27,187,80,78,3,4,Right,75,76
24,180,75,63,3,2,Right,51,63
32,194,88,70,1,3,Right,10,13
38,190,80,70,1,3,Right,11,10
24,194,83,54,3,3,Right,27,58
20,169,66,68,4,4,Right,51,65
20,190,90,69,2,3,Right,39,20
24,182,73,66,2,3,Right,35,42
30,191,92,68,2,3,Left,70,40
20,183,73,60,2,3,Right,55,30
21,170,67,59,3,3,Right,59,47
21,189,77,68,2,3,Right,29,19
23,178,79,61,3,3,Left,61,51
20,187,80,60,1,2,Right,12,5
24,180,70,61,2,3,Right,51,50
19,180,72,52,2,3,Right,46,40
19,178,70,54,2,3,Right,32,55
19,181,71,59,3,2,Right,57,51
26,178,72,65,3,2,Right,63,48
25,180,80,65,1,3,Right,17,12
22,174,69,67,3,2,Right,73,60
19,175,77,60,3,3,Left,56,52
27,175,69,65,2,3,Right,51,54
25,182,78,63,2,2,Right,39,64
27,184,73,67,2,3,Left,37,25
25,180,75,64,4,2,Right,57,60
30,183,76,65,1,3,Right,14,13
23,176,65,67,2,3,Right,64,59
19,182,70,55,2,3,Right,20,20
23,180,76,69,3,4,Right,65,60
19,180,75,63,2,2,Right,33,32
22,169,70,52,2,3,Left,61,25
22,187,90,70,3,3,Right,44,71
21,172,70,60,3,3,Left,54,49
26,179,73,66,2,2,Right,62,29
25,183,80,63,2,3,Left,62,18
33,175,70,66,2,3,Right,59,63
24,183,82,71,2,4,Left,66,71
25,182,75,63,3,3,Right,61,55
33,172,72,75,2,3,Right,66,42
29,191,86,79,2,3,Left,51,25
25,180,75,76,3,4,Right,72,58
21,188,75,60,3,3,Right,54,26
23,183,77,56,2,3,Right,34,55
31,176,76,65,3,4,Right,60,62
29,180,78,66,2,4,Left,68,35
23,184,77,64,2,2,Right,38,18
21,182,74,62,2,3,Left,51,39
27,180,76,66,3,3,Left,66,60
28,193,81,74,1,3,Right,18,13
26,190,90,69,1,3,Right,12,13
20,189,78,74,2,3,Right,28,25
24,187,85,64,2,3,Left,42,31
25,179,72,76,2,3,Left,67,42
25,175,72,62,3,3,Left,52,55
20,179,72,64,3,3,Right,57,55
18,180,74,61,2,2,Right,39,61
22,182,73,67,4,5,Right,72,57
19,190,79,61,3,3,Right,49,31
25,193,88,74,1,3,Right,18,12
20,189,83,68,2,3,Right,49,24
33,178,79,69,2,3,Right,63,47
27,181,78,72,2,3,Right,54,41
19,179,76,59,2,3,Right,56,28
21,182,75,62,2,3,Right,52,39
29,189,84,69,3,4,Right,42,69
32,170,65,73,2,4,Right,57,53
18,182,78,58,3,3,Right,48,44
24,172,56,57,2,2,Right,49,39
26,192,78,68,2,3,Right,28,37
21,178,70,62,3,3,Right,52,71
20,175,73,52,2,3,Left,46,44
28,188,80,78,2,4,Right,68,65
26,191,76,64,2,2,Left,15,15
33,173,70,66,3,3,Right,71,57
19,186,73,58,2,2,Right,44,52
23,179,76,64,3,3,Left,59,67
25,199,94,89,1,3,Left,14,14
27,185,83,68,2,2,Right,59,36
26,175,72,61,3,3,Right,40,62
19,180,77,69,3,4,Right,39,68
21,182,75,52,2,2,Right,46,39
24,185,75,64,2,3,Right,34,31
23,175,65,65,3,3,Right,61,59
21,175,65,70,4,3,Right,51,62
25,178,71,70,3,3,Right,69,59
33,165,62,71,4,3,Left,40,71
21,188,79,64,1,2,Right,12,19
29,192,79,68,1,3,Right,13,17
35,177,70,72,2,3,Right,47,52
23,186,77,64,2,3,Left,64,41
20,167,65,64,3,3,Right,48,51
25,185,75,69,2,3,Right,37,52
20,183,78,60,1,3,Right,13,6
28,189,77,60,2,3,Right,32,21
18,179,72,63,2,3,Right,45,66
26,187,85,84,1,2,Right,15,8
19,181,73,57,2,3,Left,39,62
26,191,86,75,2,2,Left,64,45
34,188,82,66,3,4,Right,46,62
26,190,80,76,1,3,Right,18,18
30,186,76,72,2,3,Left,55,72
21,184,78,66,2,3,Right,28,24
22,178,65,75,2,4,Right,78,48
23,184,83,65,2,3,Right,56,47
21,177,71,55,2,4,Right,42,38
26,172,68,70,3,3,Right,56,67
24,180,70,53,2,3,Left,53,55
23,178,70,68,3,4,Right,65,61
19,185,77,66,2,3,Right,60,23
23,177,67,81,3,3,Right,75,50
27,172,66,74,3,3,Right,74,66
17,183,75,52,2,3,Left,46,26
22,179,73,58,2,3,Right,28,28
36,183,74,77,2,3,Right,58,23
27,181,81,71,2,3,Left,65,45
21,173,73,62,2,3,Left,56,60
22,183,81,61,2,3,Right,43,57
18,172,65,55,2,2,Left,44,48
18,182,77,66,2,3,Right,33,63
20,178,72,55,2,3,Right,33,55
23,188,75,67,2,3,Left,31,68
25,178,72,67,2,3,Right,61,59
26,183,75,72,3,3,Right,66,69
26,170,69,68,3,4,Right,61,44
17,174,66,50,3,3,Right,33,58
20,175,74,61,2,3,Right,55,32
28,180,74,66,2,3,Right,65,46
22,174,65,59,3,4,Right,46,56
19,187,65,54,2,3,Right,32,40
30,175,78,73,2,3,Right,62,51
25,184,77,67,3,3,Right,61,66
19,186,82,61,1,3,Right,12,8
32,178,80,69,3,4,Left,69,68
19,190,81,56,3,3,Right,26,59
30,179,78,79,2,3,Right,63,23
17,190,74,68,2,3,Right,51,68
27,190,85,66,1,4,Right,10,12
18,185,80,57,2,2,Right,26,21
24,174,66,70,2,3,Left,67,44
35,188,84,73,3,4,Right,74,70
29,187,82,66,2,3,Right,41,65
24,175,80,76,2,3,Left,73,59
19,167,53,57,3,2,Right,36,46
25,188,81,69,3,3,Right,68,54
23,181,78,55,1,2,Right,13,14
29,185,81,70,2,2,Left,53,33
29,184,77,69,2,4,Right,56,72
19,180,80,51,3,3,Right,42,34
32,184,79,83,2,4,Right,86,65
25,174,66,70,3,3,Right,58,45
29,169,65,64,3,3,Right,60,67
18,168,65,64,2,2,Right,56,45
23,178,79,59,3,3,Right,33,54
19,175,71,51,2,3,Right,39,26
26,177,72,62,2,3,Right,45,36
33,186,78,71,3,3,Right,54,77
24,185,82,57,2,2,Right,22,33
20,190,76,62,2,3,Right,29,15
34,177,72,64,2,3,Right,56,58
21,180,72,59,2,2,Right,56,50
23,187,80,65,2,3,Right,50,29
21,195,75,65,1,2,Left,13,20
29,177,72,69,2,4,Right,67,31
24,186,83,73,2,3,Right,54,42
24,191,84,63,3,2,Right,52,55
22,183,74,64,3,2,Left,71,62
18,178,70,59,3,3,Right,33,60
30,186,78,78,2,2,Right,45,22
20,176,72,80,3,5,Right,76,73
21,194,88,62,2,2,Right,36,27
30,189,74,67,2,2,Left,57,68
28,186,78,67,2,3,Right,25,17
25,201,92,61,3,2,Right,22,62
33,169,66,74,4,3,Right,71,64
24,180,60,61,3,2,Right,59,64
25,177,69,63,4,2,Left,65,54
34,170,72,86,5,4,Right,81,76
26,193,88,69,2,3,Right,62,49
28,177,71,73,3,2,Right,63,62
33,183,80,71,3,3,Right,67,45
24,183,80,58,2,3,Right,27,30
27,183,78,64,1,2,Right,12,11
31,197,84,66,2,2,Right,26,46
22,178,73,60,2,3,Right,63,32
25,184,75,51,2,3,Right,28,18
18,175,70,63,3,3,Right,35,64
27,185,77,57,2,3,Right,57,37
23,175,65,64,3,3,Right,46,59
29,180,73,64,2,3,Left,63,59
23,180,81,62,3,3,Right,40,41
21,182,73,70,3,4,Left,72,39
22,183,82,59,2,3,Right,29,39
31,177,75,67,2,3,Right,45,34
28,178,86,63,2,3,Right,54,58
25,190,82,61,2,3,Right,34,25
27,173,70,65,3,3,Right,62,53
23,186,72,70,3,3,Right,72,68
20,182,72,64,2,3,Left,70,60
22,178,72,60,2,3,Right,55,25
22,183,74,60,3,2,Right,33,24
32,191,92,72,2,2,Left,30,30
27,193,83,60,1,4,Right,12,12
19,185,75,68,4,3,Right,62,67
20,189,72,64,4,4,Right,52,49
24,176,64,67,2,4,Right,66,38
21,176,70,70,2,3,Left,67,57
33,170,72,62,2,3,Left,62,17
21,178,69,66,4,3,Right,69,60
25,191,80,67,2,3,Right,32,23
34,190,86,74,1,3,Left,11,11
28,185,83,70,2,3,Left,74,48
25,188,79,71,4,4,Right,59,68
18,181,84,53,2,3,Right,29,21
20,178,75,62,3,3,Right,40,68
29,184,87,90,3,4,Right,68,91
21,189,87,65,2,3,Left,37,30
25,180,80,74,4,4,Right,63,72
32,171,72,66,3,3,Right,50,68
25,185,76,79,2,3,Left,71,38
25,170,73,68,2,3,Right,70,44
19,185,75,59,3,4,Right,54,61
20,173,71,63,3,3,Left,58,54
20,178,73,57,2,3,Right,58,51
22,186,68,60,2,3,Right,29,25
25,189,83,70,1,2,Right,17,12
17,183,74,63,2,4,Right,31,26
22,183,73,72,4,3,Left,66,62
27,170,69,65,2,3,Right,59,44
26,191,90,64,2,2,Left,35,15
29,182,75,67,2,4,Right,53,48
30,194,83,72,1,2,Right,10,14
25,180,79,71,2,3,Left,76,30
28,180,80,80,2,3,Right,61,48
20,191,70,60,1,2,Right,10,14
20,170,69,66,3,3,Right,60,57
29,181,89,66,1,2,Right,11,12
23,168,67,64,3,3,Right,56,61
27,188,83,74,2,3,Right,70,46
26,184,81,67,2,3,Right,30,22
26,193,76,90,1,3,Right,17,13
33,186,79,70,1,2,Right,12,18
26,178,67,81,4,4,Right,64,65
28,180,83,62,2,3,Right,54,44
28,181,76,64,3,3,Left,62,48
21,175,71,59,2,3,Right,40,39
21,192,83,63,2,3,Right,41,68
29,184,78,70,3,4,Right,43,62
28,185,82,63,2,3,Right,30,37
33,184,83,83,2,4,Right,57,50
21,180,75,55,2,3,Right,50,45
19,183,78,58,2,3,Right,51,58
26,188,90,68,2,4,Right,43,67
24,191,82,65,1,2,Right,17,17
33,186,83,68,2,2,Right,32,27
25,187,85,69,2,3,Right,43,34
20,183,78,62,3,3,Right,44,41
25,190,85,68,2,2,Right,28,69
28,165,68,69,3,4,Right,53,46
20,185,80,69,2,3,Right,58,29
19,175,66,53,2,3,Right,46,42
25,181,74,60,2,3,Right,22,18
21,177,67,67,3,3,Left,63,69
28,175,77,84,4,4,Right,77,77
30,182,82,73,1,2,Right,10,9
21,184,80,60,2,3,Right,31,28
24,187,80,64,2,3,Right,48,29
30,187,78,68,2,3,Right,46,24
32,190,78,67,1,3,Right,19,12
20,181,64,57,2,2,Left,34,26
31,175,71,71,2,2,Left,72,41
22,191,85,77,2,2,Right,34,21
21,184,77,64,2,2,Right,64,32
31,185,72,70,2,4,Right,60,55
24,183,77,65,2,3,Right,64,59
21,187,72,66,2,3,Right,54,37
26,188,85,68,2,3,Left,28,37
24,183,79,65,2,3,Right,61,61
17,178,78,61,3,3,Right,62,44
23,187,83,59,1,2,Right,10,6
19,180,75,63,2,3,Right,42,58
32,189,80,76,2,4,Right,29,44
17,180,76,58,3,2,Left,52,44
27,185,77,72,2,4,Right,56,72
25,192,85,56,1,2,Left,13,13
31,174,70,79,3,4,Right,72,69
32,182,83,80,3,3,Left,75,82
23,186,76,62,2,3,Left,44,62
25,180,76,86,3,4,Left,82,63
21,180,75,84,4,3,Left,79,82
31,173,71,63,2,3,Right,54,51
29,180,73,67,2,2,Right,62,58
29,178,71,69,2,3,Right,67,37
23,172,62,73,2,3,Left,72,55
23,183,76,56,2,3,Right,32,40
30,191,88,68,2,3,Right,24,35
18,185,75,60,2,3,Left,41,21
31,190,82,65,1,2,Left,14,14
24,177,76,52,3,2,Right,39,52
18,178,70,56,2,2,Left,51,29
23,178,70,62,3,3,Right,63,39
17,190,81,56,2,2,Right,40,57
20,173,68,62,2,3,Right,62,33
27,190,79,65,2,3,Right,34,55
25,183,67,62,2,3,Right,60,53
33,181,79,70,2,3,Right,42,75
23,192,82,61,2,2,Left,33,20
19,177,75,62,2,3,Left,55,47
30,185,75,63,2,2,Left,49,52
21,175,68,57,2,3,Left,52,44
28,180,73,72,3,5,Right,74,59
27,178,76,71,3,3,Right,67,63
29,181,80,64,2,3,Right,63,45
29,178,75,65,2,3,Right,60,54
31,185,80,67,2,4,Right,69,40
28,185,75,64,3,3,Right,48,62
23,176,68,74,2,4,Right,70,58
31,185,79,68,1,2,Right,21,18
24,181,82,74,3,4,Right,72,64
19,173,68,48,3,3,Right,35,33
22,178,66,58,2,3,Left,55,53
23,173,78,82,4,3,Left,76,78
20,183,78,64,2,3,Right,31,33
25,180,69,71,2,3,Right,60,49
18,184,73,59,2,3,Left,59,29
24,192,83,69,2,2,Right,49,28
20,188,74,65,2,3,Left,41,29
21,167,60,68,3,3,Left,68,69
31,191,77,75,3,3,Right,68,66
29,177,77,71,2,3,Right,57,57
34,189,79,77,3,4,Right,70,81
21,179,72,61,2,2,Right,57,22
34,175,74,66,2,3,Right,61,59
27,175,68,71,3,4,Left,77,69
23,188,75,68,3,3,Right,25,69
17,180,72,57,3,3,Right,35,61
21,172,64,50,2,3,Left,37,29
25,186,72,67,3,3,Right,61,61
21,193,88,56,2,2,Right,24,19
30,189,87,57,1,2,Right,15,17
21,183,75,66,1,3,Right,12,19
21,190,75,58,2,2,Right,34,26
22,195,88,63,2,2,Right,26,21
24,194,86,57,1,2,Right,13,8
33,177,67,66,1,3,Left,16,12
22,179,74,65,2,3,Right,47,40
29,177,73,74,3,3,Left,73,45
33,187,78,75,3,3,Right,51,75
22,187,80,70,1,3,Left,18,17
24,177,70,55,2,3,Right,32,63
32,185,76,67,1,3,Right,20,11
24,187,81,57,1,2,Left,10,8
23,175,70,80,3,4,Right,80,60
30,191,90,71,1,3,Right,9,10
22,192,85,66,2,2,Right,48,44
27,181,78,66,3,4,Right,59,68
25,193,79,60,1,5,Right,18,13
31,169,69,70,3,4,Right,70,66
34,174,75,69,2,3,Right,72,70
26,187,80,59,1,1,Right,14,13
19,177,75,59,3,2,Right,52,53
23,170,65,63,2,3,Left,69,45
19,169,68,57,2,3,Left,47,47
18,182,75,55,1,2,Right,18,5
20,179,75,51,2,2,Left,32,20
24,188,70,71,3,3,Right,59,69
21,192,81,61,1,2,Right,14,5
29,180,76,66,3,3,Right,65,59
24,178,83,69,4,3,Right,70,63
26,187,84,67,2,3,Right,49,39
31,180,74,64,2,2,Left,64,20
30,188,93,85,1,3,Right,11,11
31,173,75,57,3,4,Right,52,53
23,169,67,57,3,2,Right,54,65
31,190,88,74,2,2,Right,30,42
27,185,71,72,2,3,Right,56,77
24,180,76,67,2,3,Left,80,57
19,175,69,58,3,3,Left,55,51
27,176,73,66,2,4,Right,60,62
30,177,74,70,3,4,Right,59,62
29,176,68,66,3,3,Right,68,29
23,176,72,65,2,3,Left,58,33
27,185,76,59,1,2,Right,12,8
25,187,83,83,3,4,Right,66,56
25,170,71,61,2,2,Right,49,32
22,190,78,70,2,2,Right,28,29
23,187,85,71,3,3,Right,76,39
33,180,80,74,3,3,Right,71,61
21,181,76,82,4,3,Right,74,81
26,188,84,72,2,3,Right,51,11
19,189,75,58,2,3,Right,30,20
22,185,85,78,2,3,Left,82,33
21,179,71,68,2,2,Left,69,28
25,183,78,67,2,3,Right,44,42
29,180,79,66,3,3,Right,66,59
24,174,74,61,2,3,Right,39,40
30,183,76,69,2,3,Left,67,32
24,183,70,67,2,2,Left,70,29
30,185,72,71,2,3,Right,55,36
31,185,81,61,1,3,Right,14,14
29,187,89,66,2,2,Right,52,67
19,178,68,57,3,2,Left,52,55
17,181,74,63,3,2,Left,69,56
27,180,71,71,3,3,Right,70,36
34,175,75,68,2,3,Right,65,38
20,191,83,62,2,2,Right,41,62
25,182,76,66,3,3,Left,67,67
24,180,74,65,3,2,Left,59,34
32,178,77,72,3,4,Right,66,62
35,179,75,79,3,3,Right,84,74
20,170,69,65,2,3,Right,49,49
25,193,85,63,2,4,Right,24,40
29,185,76,68,2,2,Left,68,59
26,174,65,72,3,4,Right,68,70
24,193,86,62,2,2,Left,33,22
29,178,73,68,3,4,Right,63,65
22,174,70,65,2,3,Right,58,42
28,188,87,67,2,3,Right,53,66
26,191,82,65,1,2,Right,10,8
23,175,74,66,3,3,Right,58,42
19,179,73,66,3,3,Left,68,40
28,175,68,66,2,3,Right,58,24
29,179,79,70,2,3,Right,34,27
35,172,67,69,3,3,Right,69,64
27,184,79,75,3,3,Right,58,76
30,180,61,65,3,3,Right,47,69
29,178,81,75,3,2,Left,69,55
27,177,78,71,2,3,Right,76,42
26,194,84,71,2,2,Right,30,22
21,173,66,68,4,3,Left,64,67
19,168,60,58,2,3,Left,46,42
21,183,72,68,3,4,Right,62,61
18,180,81,57,3,5,Right,48,55
28,186,77,74,2,3,Right,75,69
19,176,70,69,2,3,Right,68,53
19,186,72,63,3,3,Right,59,32
30,193,84,73,1,2,Right,20,12
28,176,67,69,3,3,Left,72,45
33,180,76,69,3,3,Right,71,68
27,195,90,65,2,2,Right,19,18
24,174,64,64,3,4,Right,57,55
17,173,65,62,4,3,Right,54,44
19,185,70,65,3,4,Right,62,59
29,185,80,71,2,3,Left,48,34
24,183,74,78,3,4,Right,76,73
31,176,68,74,3,3,Left,76,60
19,181,74,66,2,4,Left,61,33
22,178,79,65,2,3,Right,53,69
22,180,66,62,2,3,Right,47,49
20,182,73,61,2,2,Right,63,32
19,182,72,62,2,3,Right,57,48
24,181,71,66,4,4,Left,65,57
25,177,72,72,3,3,Right,67,65
22,186,82,69,2,2,Right,33,23
23,175,70,69,3,3,Right,48,68
29,179,76,74,2,3,Right,42,65
28,184,74,66,2,3,Left,67,28
19,184,78,68,3,3,Left,69,20
25,190,75,69,3,3,Right,48,65
21,193,85,64,2,3,Left,53,62
22,184,73,67,2,3,Left,60,29
29,187,84,66,1,2,Right,14,9
26,175,82,73,3,3,Left,52,72
33,165,62,71,4,3,Left,40,71
31,175,68,70,2,3,Left,73,28
24,184,76,58,3,3,Right,38,18
27,185,70,66,2,3,Left,59,28
25,176,76,66,3,2,Left,57,62
24,180,83,67,2,3,Right,63,34
29,183,76,72,2,3,Right,31,23
30,174,70,72,4,4,Right,67,69
21,185,75,59,3,2,Right,48,59
26,188,72,65,2,3,Right,56,59
20,191,69,56,1,3,Right,13,8
25,187,85,72,3,4,Left,67,68
24,190,75,64,3,4,Right,54,58
19,175,80,56,2,3,Left,50,26
26,189,83,60,2,3,Right,24,18
25,177,70,76,2,3,Right,75,49
29,180,76,73,3,5,Left,67,67
38,172,72,60,3,3,Right,64,55
28,191,84,71,2,3,Right,62,50
25,176,69,68,3,3,Left,65,54
23,182,77,61,3,2,Left,49,53
29,178,76,73,3,3,Left,53,75
24,183,78,63,2,3,Left,49,56
26,182,82,65,1,3,Left,13,12
30,178,75,71,3,3,Right,65,75
30,174,70,73,3,3,Right,74,36
36,186,80,62,2,3,Right,41,24
29,183,80,75,1,2,Right,19,13
23,167,70,69,3,3,Left,59,61
21,182,74,74,3,3,Left,65,70
24,190,88,70,2,2,Right,30,24
27,182,79,65,2,2,Left,42,52
29,181,79,74,2,3,Left,62,47
25,179,72,68,2,2,Left,63,44
25,187,75,72,2,2,Left,51,36
21,188,80,84,4,3,Right,68,84
28,170,65,66,3,3,Right,64,63
22,175,67,60,2,4,Right,50,25
30,175,71,67,3,4,Right,64,59
19,174,67,62,2,4,Left,60,48
28,173,70,69,3,3,Left,65,59
30,176,76,62,2,3,Right,56,53
25,172,68,79,3,4,Right,83,69
29,178,72,68,2,2,Right,61,35
23,185,72,62,3,2,Right,54,29
27,182,75,74,3,4,Left,39,78
28,185,80,59,1,2,Left,12,15
22,187,75,61,2,3,Right,62,61
25,188,83,56,1,2,Right,14,15
24,180,71,69,3,4,Right,62,67
25,178,70,77,2,4,Right,55,76
24,175,70,71,2,4,Right,70,44
27,168,65,79,4,4,Right,74,77
26,184,73,80,3,4,Right,76,80
29,178,66,65,2,3,Right,64,53
27,190,85,73,1,2,Right,9,17
26,173,76,74,2,3,Left,77,32
22,178,77,63,3,3,Right,58,64
28,179,79,71,3,3,Right,51,72
33,179,70,69,3,3,Right,61,46
25,169,71,72,3,5,Right,76,70
37,180,76,72,2,3,Right,55,29
23,167,65,63,2,2,Right,38,44
34,179,73,65,2,3,Left,63,46
25,180,75,71,3,4,Left,65,50
33,175,72,68,3,3,Right,44,74
20,184,78,72,2,3,Right,62,52
20,185,72,63,2,2,Left,49,48
27,180,71,71,2,3,Right,50,60
25,170,64,60,2,3,Right,58,31
30,178,74,81,5,4,Left,74,75
36,183,81,77,2,3,Right,34,34
25,185,79,68,3,3,Right,50,65
26,195,88,62,1,3,Right,13,8
26,176,71,73,3,3,Left,68,55
18,173,61,54,2,3,Left,52,30
35,196,93,69,1,3,Right,21,11
23,183,75,68,2,3,Left,67,30
18,175,79,64,3,4,Right,58,64
33,177,75,68,2,2,Right,62,39
23,173,70,65,2,2,Right,58,65
24,182,74,64,3,3,Right,63,53
27,186,73,63,2,3,Right,45,39
25,181,80,80,4,2,Left,76,73
25,181,70,66,3,3,Right,50,48
22,172,60,64,3,3,Right,36,45
29,183,77,74,3,4,Left,74,57
21,180,73,63,2,3,Left,65,31
32,177,69,63,2,3,Right,55,45
20,178,63,59,3,3,Left,39,63
22,183,77,62,2,4,Right,54,22
19,178,75,56,2,3,Right,30,60
19,183,71,62,2,4,Right,60,30
27,172,70,69,4,4,Right,68,58
31,184,79,67,3,4,Right,70,63
20,182,75,61,3,3,Left,54,27
27,173,75,72,3,3,Left,75,66
29,194,84,69,2,3,Right,53,70
24,175,70,66,2,3,Left,61,36
24,183,70,69,2,2,Left,70,22
18,167,60,59,3,4,Left,62,50
24,177,75,62,2,2,Right,50,41
31,193,84,84,2,4,Right,63,87
23,180,75,80,4,5,Right,77,64
19,180,70,69,3,3,Right,68,59
25,187,76,76,1,2,Right,12,12
24,170,67,63,2,3,Right,48,55
24,183,80,73,2,3,Right,33,34
27,175,76,63,2,2,Right,43,28
25,186,72,70,2,2,Left,70,40
25,178,62,63,2,3,Right,45,59
27,175,77,65,3,3,Left,67,62
32,183,81,66,2,3,Right,58,57
32,190,86,67,2,2,Right,24,28
33,180,80,61,2,3,Right,51,16
32,188,88,72,2,3,Right,48,27
18,172,64,55,2,3,Right,48,47
24,174,78,61,2,3,Right,39,64
21,177,74,68,3,4,Right,58,69
23,186,80,68,2,2,Right,28,13
25,189,80,78,1,3,Right,16,14
19,174,61,56,3,2,Right,52,44
22,190,76,63,3,4,Right,55,71
22,179,87,75,3,3,Right,68,62
22,190,77,63,3,3,Right,59,63
20,185,77,63,2,3,Right,35,33
23,195,82,67,1,2,Right,11,16
27,174,68,73,3,3,Right,65,75
19,185,78,63,2,2,Right,35,26
34,185,80,68,2,3,Right,62,51
27,178,74,71,3,4,Right,74,62
21,169,63,63,2,3,Right,62,23
20,182,68,54,2,2,Right,29,23
21,175,77,76,3,4,Right,73,74
32,191,81,81,2,2,Right,39,35
28,177,70,63,3,3,Right,66,62
20,184,74,59,3,3,Right,53,49
33,187,78,70,2,3,Right,48,39
20,181,79,64,3,3,Right,35,68
28,185,77,82,2,3,Right,45,39
30,179,77,67,2,4,Right,67,31
21,173,65,62,2,3,Right,65,51
22,175,70,66,2,3,Right,58,58
22,179,64,63,3,3,Left,44,59
26,174,65,65,3,4,Right,58,48
23,170,66,63,3,4,Right,73,60
36,183,76,64,2,3,Left,54,31
19,184,81,68,2,3,Left,45,77
21,183,70,62,3,2,Left,60,67
31,182,72,65,2,4,Right,56,49
21,185,73,59,2,2,Right,40,58
18,179,78,59,2,2,Right,35,21
24,185,86,69,1,3,Right,15,11
18,185,75,57,1,3,Left,12,8
29,187,71,77,2,3,Right,42,33
33,185,81,70,2,3,Right,72,41
27,191,91,70,2,3,Right,58,69
21,187,86,65,3,3,Right,28,73
23,191,85,57,1,3,Right,12,15
35,185,86,67,2,3,Right,56,64
26,168,65,63,2,4,Right,59,58
17,176,69,62,2,2,Left,62,26
20,182,75,60,3,3,Left,48,44
18,180,70,53,2,2,Right,35,38
19,175,67,52,2,2,Right,35,35
32,176,70,68,3,3,Left,64,73
19,181,75,53,3,3,Left,50,50
29,193,84,69,1,3,Right,10,10
21,186,76,55,2,3,Right,44,43
24,178,73,68,3,3,Left,67,54
21,179,73,64,4,2,Right,53,53
27,177,66,63,3,2,Left,43,58
19,177,65,63,3,4,Left,66,51
24,183,77,65,3,3,Right,21,65
24,186,82,64,1,2,Left,18,10
27,191,91,68,1,2,Right,12,16
27,180,77,68,2,4,Right,58,39
21,175,70,56,3,3,Right,49,41
19,188,87,51,1,3,Right,13,7
22,180,70,71,2,3,Right,64,33
21,176,75,64,4,3,Right,57,55
25,180,78,69,2,3,Right,52,25
25,179,70,67,2,3,Right,66,57
19,186,75,60,1,4,Right,18,16
20,184,74,75,3,3,Right,70,58
26,185,81,72,2,3,Right,33,36
29,184,79,66,2,3,Right,55,48
26,185,75,64,2,3,Right,50,33
33,175,75,74,4,3,Left,75,72
25,181,68,65,2,3,Right,51,33
32,170,65,76,4,2,Left,74,72
30,179,72,69,3,3,Left,62,68
24,185,74,68,2,3,Right,40,24
29,185,77,63,3,3,Right,62,54
23,196,98,67,1,2,Left,15,13
21,176,70,65,2,3,Right,67,23
23,188,80,70,1,3,Right,16,13
19,183,82,50,1,1,Right,18,15
25,177,84,74,2,4,Right,56,59
21,168,64,52,3,3,Right,48,41
29,170,64,66,3,2,Left,53,65
21,174,73,60,2,3,Right,41,44
33,183,83,76,2,3,Right,72,61
31,183,81,67,2,3,Left,74,50
22,190,83,67,2,3,Right,42,36
26,176,77,74,3,2,Left,65,68
19,186,82,57,2,3,Left,35,30
36,194,89,68,1,3,Right,14,14
21,180,70,62,2,3,Left,56,28
24,173,58,70,2,3,Right,71,58
30,180,78,72,2,3,Right,57,27
27,184,84,66,1,2,Right,13,12
20,179,67,72,3,3,Right,66,62
22,174,78,72,3,3,Left,73,32
21,177,67,67,3,3,Right,59,63
20,180,75,60,2,3,Right,47,33
30,179,73,73,2,3,Right,39,39
20,179,75,66,2,2,Right,45,68
19,176,67,57,3,3,Right,58,48
27,178,75,61,3,3,Right,61,61
25,185,78,64,2,4,Right,62,17
31,182,74,75,2,3,Left,65,60
26,190,80,70,1,3,Right,13,12
21,194,80,56,2,2,Right,29,19
24,168,65,71,3,2,Right,69,65
21,177,63,58,2,2,Left,64,50
19,181,75,60,2,3,Right,56,32
17,170,60,62,2,3,Left,58,45
28,179,82,72,3,3,Left,68,76
25,176,75,68,3,3,Right,62,57
22,188,82,59,3,3,Right,44,58
24,188,75,67,2,2,Left,24,19
28,169,74,72,4,4,Right,70,75
27,177,73,72,3,3,Right,67,65
18,180,66,56,2,2,Right,36,60
30,190,82,70,2,3,Right,32,28
26,174,75,75,3,2,Left,73,71
36,194,89,69,1,3,Right,15,11
22,183,70,70,2,3,Right,64,61
30,184,76,71,2,3,Right,62,48
21,180,72,57,2,2,Right,48,50
31,175,74,72,3,3,Left,69,68
19,183,75,55,1,3,Right,14,6
24,185,77,64,1,2,Right,15,12
24,181,80,65,3,3,Left,62,52
28,188,83,70,2,2,Right,34,22
20,178,64,55,2,3,Right,52,51
26,189,89,79,2,3,Right,51,50
20,180,76,61,2,3,Right,56,50
18,182,80,55,3,3,Right,42,45
31,191,82,74,1,2,Left,11,10
18,178,66,49,3,3,Right,32,33
25,180,71,70,3,3,Right,73,43
38,184,84,75,3,4,Right,62,80
20,190,70,55,1,3,Right,17,11
34,173,72,68,2,3,Left,67,34
26,188,74,69,2,2,Left,32,28
20,177,65,61,3,3,Right,60,60
23,197,85,58,2,3,Right,42,33
28,172,77,74,2,4,Right,50,39
34,191,83,74,1,2,Right,13,11
33,183,80,77,2,4,Right,70,56
28,185,77,66,3,3,Left,65,49
27,173,75,63,2,3,Right,49,59
24,185,84,66,3,4,Left,62,63
32,181,74,61,2,3,Right,46,20
34,185,80,64,1,2,Right,11,15
19,182,81,58,2,3,Left,63,34
24,185,79,66,2,3,Left,70,59
27,177,74,75,2,3,Right,68,65
21,170,68,53,3,3,Right,39,60
22,171,68,64,3,3,Right,56,55
19,183,72,53,3,3,Right,36,35
28,190,88,62,1,3,Right,12,11
19,183,78,74,2,3,Right,76,35
29,188,79,78,2,3,Right,74,61
21,182,75,72,3,2,Left,74,71
31,192,92,70,3,4,Right,54,74
19,164,64,54,3,3,Right,41,41
21,182,74,61,3,3,Right,53,50
27,187,85,59,2,3,Right,30,26
29,184,82,70,2,3,Right,55,51
21,179,75,53,3,3,Right,44,39
23,177,73,70,3,3,Left,64,66
33,183,73,73,3,3,Right,73,63
18,180,76,51,2,3,Right,24,20
29,175,70,70,3,3,Left,77,61
25,180,76,67,2,2,Left,67,29
27,181,74,65,3,4,Right,62,67
24,170,67,79,3,3,Left,82,57
22,184,77,66,2,4,Left,43,19
22,196,82,58,2,3,Right,42,57
33,180,70,67,3,3,Right,79,66
32,172,70,62,3,3,Right,61,55
23,184,78,70,2,3,Left,69,32
20,185,80,52,1,2,Right,10,7
28,188,85,77,2,3,Right,33,83
20,183,72,60,2,3,Right,32,25
23,187,71,67,1,2,Right,13,15
24,187,69,76,3,3,Right,73,70
26,201,93,63,1,3,Right,21,18
27,168,69,67,3,4,Right,67,22
19,184,78,58,2,3,Right,54,32
23,196,93,67,1,3,Right,16,13
27,170,68,70,3,5,Right,61,69
30,185,90,63,2,2,Left,54,31
27,181,76,65,3,2,Right,61,51
28,178,72,68,2,4,Right,72,60
23,194,89,67,1,3,Right,11,9
30,184,78,67,2,3,Right,58,47
21,191,82,61,2,3,Left,46,24
31,185,75,65,1,1,Right,14,15
30,175,74,73,3,4,Right,73,75
25,195,92,62,1,3,Right,20,18
33,187,92,67,2,3,Left,27,36
29,183,75,70,3,3,Right,40,71
27,188,76,62,2,3,Right,44,33
25,191,76,65,3,4,Right,59,64
19,190,85,53,2,2,Right,23,23
24,183,69,66,2,3,Left,38,16
18,173,68,63,3,3,Right,58,57
30,180,76,66,2,3,Right,75,54
18,173,68,59,2,4,Right,55,23
30,181,71,55,2,3,Left,54,37
22,173,65,53,3,3,Right,37,55
24,181,70,64,2,2,Right,49,39
18,181,65,50,1,3,Right,22,10
29,188,83,74,2,3,Left,70,49
31,183,75,90,3,3,Right,66,60
19,177,72,59,2,2,Right,56,43
26,188,79,59,1,3,Right,16,13
20,194,84,61,1,2,Right,14,5
29,181,79,70,2,4,Right,77,60
17,172,66,58,3,4,Right,55,37
25,184,73,72,2,3,Right,35,31
32,180,81,64,2,4,Right,44,62
33,185,77,67,2,1,Left,45,34
23,183,76,73,4,4,Right,70,66
28,178,65,63,3,2,Left,56,60
23,182,80,74,2,2,Right,56,44
24,175,74,68,2,3,Left,65,35
19,182,75,59,1,2,Right,12,8
36,186,87,65,1,3,Right,11,15
39,187,78,67,2,3,Right,60,40
22,183,77,75,5,3,Left,76,66
32,179,78,80,3,2,Right,60,54
28,186,74,75,3,4,Right,54,78
21,178,84,55,1,3,Right,20,16
18,186,80,59,2,3,Right,43,29
25,178,71,76,2,3,Right,68,38
33,185,80,73,2,3,Left,53,33
19,183,75,59,2,3,Right,41,23
20,187,83,63,3,3,Right,48,72
27,178,79,64,2,3,Right,35,66
27,196,86,64,1,3,Left,23,12
23,186,78,79,2,3,Left,58,86
26,180,71,65,2,3,Right,46,48
19,192,77,56,2,3,Right,29,21
26,184,75,67,2,3,Left,66,41
19,186,75,60,3,2,Left,47,43
22,180,72,67,2,3,Right,30,49
20,180,74,60,2,3,Right,42,38
25,182,77,71,2,2,Left,61,41
26,169,75,63,2,5,Right,60,63
28,188,77,67,2,2,Right,61,62
32,179,82,68,2,3,Right,46,52
18,176,68,53,2,3,Right,48,41
23,173,69,59,2,3,Left,56,37
26,179,67,63,3,3,Right,48,62
35,184,75,69,3,2,Right,47,71
21,185,76,71,3,3,Right,48,48
27,183,75,75,3,2,Left,73,52
21,178,70,69,2,3,Right,64,37
19,180,78,65,2,4,Right,63,38
29,181,78,65,2,3,Right,42,58
24,187,79,63,2,2,Right,39,32
23,183,77,57,2,3,Right,29,21
21,178,77,59,3,3,Right,59,63
24,180,76,66,2,3,Right,69,61
25,190,72,67,2,3,Right,36,37
26,185,75,74,3,2,Left,32,78
28,177,77,71,3,4,Right,68,68
20,191,81,60,2,3,Right,43,50
26,188,88,66,1,3,Right,14,11
25,177,71,75,4,3,Right,75,75
21,183,67,52,2,2,Right,45,30
35,178,70,66,2,3,Right,52,38
29,185,80,69,2,3,Left,65,37
24,175,76,65,3,3,Right,60,53
32,188,86,68,2,3,Right,44,28
28,192,85,66,2,3,Right,42,33
25,194,85,80,2,3,Right,60,50
20,183,75,59,3,2,Left,52,34
20,177,69,58,3,3,Right,60,59
18,170,72,50,2,2,Right,32,27
19,173,72,58,3,2,Right,42,34
21,175,73,63,3,3,Right,61,57
34,171,65,80,3,4,Right,54,87
29,162,65,68,3,3,Right,72,63
31,188,79,68,3,3,Right,61,57
30,186,79,79,3,5,Right,69,76
23,180,70,72,3,5,Right,67,59
25,175,75,63,2,3,Right,36,42
19,176,79,63,3,2,Right,56,39
19,180,75,58,2,2,Right,52,28
29,167,61,66,3,4,Right,65,52
24,169,63,70,3,3,Right,61,58
28,179,70,70,3,3,Right,59,72
21,180,75,56,2,3,Right,47,30
25,196,82,62,2,3,Left,35,21
20,180,71,70,2,3,Right,62,47
19,175,70,56,2,3,Right,31,27
19,187,75,53,2,2,Right,28,38
23,175,73,73,4,4,Right,72,67
22,172,70,65,4,3,Left,66,62
29,198,90,58,2,2,Left,24,25
18,184,80,62,3,3,Right,46,30
18,183,82,52,2,3,Right,24,24
22,188,77,74,4,3,Right,73,69
22,171,70,72,4,4,Right,62,66
23,188,84,68,2,3,Right,44,36
26,180,75,62,2,4,Right,67,25
38,180,72,63,2,3,Right,56,65
22,187,86,70,2,2,Left,65,25
30,179,68,73,3,3,Right,30,75
20,188,73,59,2,2,Right,25,55
27,178,76,75,2,3,Right,67,40
27,187,81,65,2,3,Right,45,33
29,186,85,86,2,3,Right,47,44
26,175,73,70,3,2,Right,68,56
20,184,78,56,2,3,Right,36,56
31,190,85,75,2,3,Left,43,37
21,188,70,75,1,3,Right,18,18
29,173,68,66,2,3,Left,52,44
21,179,70,59,2,2,Left,57,35
30,183,81,65,2,3,Right,53,54
24,185,76,58,1,3,Right,16,14
19,176,62,52,3,2,Right,46,51
26,180,67,77,2,3,Right,61,73
28,185,77,70,2,3,Right,54,43
28,182,73,70,2,2,Right,67,48
30,172,75,66,2,3,Right,64,56
22,175,64,57,3,4,Left,59,55
26,187,82,70,2,2,Right,38,29
22,181,75,65,2,2,Right,39,28
19,180,71,54,2,3,Left,55,54
24,185,72,69,2,3,Left,66,25
17,180,72,65,3,4,Right,58,71
25,178,71,69,2,4,Right,64,31
36,178,78,73,2,3,Right,44,34
25,179,77,72,2,3,Left,67,41
27,182,73,71,2,4,Right,70,60
26,170,67,77,2,3,Left,77,27
22,175,73,77,3,3,Right,75,71
24,173,67,58,3,3,Right,48,34
29,180,73,73,2,3,Right,51,45
20,192,80,55,1,3,Right,12,8
28,175,73,66,3,4,Right,64,32
29,170,60,62,3,3,Right,53,53
27,178,79,72,2,3,Right,70,51
18,185,75,54,2,3,Right,28,53
20,184,70,57,2,3,Left,48,36
20,180,72,61,2,2,Right,48,13
26,165,68,77,4,4,Right,65,77
28,180,73,68,3,3,Left,78,52
22,179,75,62,3,4,Right,59,60
22,190,86,72,2,3,Left,71,68
23,175,68,69,3,3,Right,67,57
21,186,78,59,1,1,Right,11,9
28,175,73,69,3,3,Right,69,60
21,194,91,69,2,2,Right,26,71
26,188,89,76,2,3,Right,67,75
22,186,79,77,3,4,Right,64,78
20,186,79,59,2,3,Left,34,21
21,170,72,72,3,3,Left,67,72
21,190,90,70,2,3,Right,35,69
20,180,76,54,2,3,Right,53,57
18,198,82,54,2,2,Left,20,18
26,178,71,70,3,4,Right,66,67
30,180,80,65,2,3,Right,57,56
20,180,70,56,3,3,Right,52,41
29,173,75,67,2,2,Left,64,26
23,185,77,69,2,3,Right,40,26
21,182,69,64,3,3,Right,63,30
36,174,70,66,2,3,Right,56,40
31,168,60,69,3,2,Left,67,60
25,185,79,68,2,3,Right,67,22
25,188,84,65,2,2,Right,22,17
33,191,81,76,2,3,Right,65,79
30,178,69,54,2,3,Right,45,32
21,178,76,63,3,2,Right,51,56
20,190,79,55,3,3,Right,49,39
33,181,70,71,3,3,Left,75,41
30,188,87,69,1,2,Right,14,14
27,184,76,68,2,3,Right,64,39
25,185,87,79,2,3,Right,44,24
20,176,76,61,3,3,Right,43,42
20,187,78,69,2,4,Right,44,66
24,178,77,63,3,3,Right,69,44
29,185,82,69,3,3,Left,62,66
24,191,80,66,3,3,Right,52,49
25,185,70,68,3,4,Left,69,59
31,180,74,69,2,3,Right,57,33
27,191,80,61,2,3,Right,36,62
22,178,70,59,2,3,Right,55,27
21,184,73,57,2,3,Left,44,59
20,186,83,57,2,3,Right,25,18
33,182,75,70,2,3,Right,66,45
29,168,73,77,4,4,Right,69,77
21,177,72,58,2,3,Right,58,54
26,186,78,77,2,3,Left,73,40
20,189,73,60,2,1,Right,26,19
20,178,64,63,3,3,Right,60,58
22,182,76,75,4,4,Left,71,64
24,188,78,73,3,2,Right,52,71
18,185,83,71,2,3,Right,44,31
17,182,79,64,3,3,Right,42,69
19,170,63,62,3,3,Left,64,51
26,184,78,67,2,3,Right,57,63
25,175,68,92,5,5,Right,75,89
25,193,79,64,2,2,Right,29,26
30,177,78,63,2,2,Left,58,45
29,175,65,69,3,3,Right,76,58
30,176,65,65,3,3,Right,69,62
26,175,67,79,3,3,Right,79,58
25,185,74,78,3,2,Left,67,79
31,187,77,69,2,3,Right,47,47
17,188,80,58,1,2,Right,14,6
26,191,81,70,2,3,Right,30,28
21,180,68,63,2,3,Right,59,33
22,183,78,63,3,3,Right,28,63
22,172,67,66,3,3,Right,49,66
32,188,90,73,1,2,Right,19,18
33,172,64,72,3,3,Right,72,44
25,189,74,64,2,3,Right,33,25
27,170,75,68,2,3,Right,54,45
33,185,83,67,2,4,Right,53,69
23,158,56,65,4,3,Right,63,45
32,189,73,63,2,3,Right,36,33
31,180,60,58,3,3,Right,30,64
18,183,74,55,2,2,Right,26,15
23,178,74,65,2,2,Left,62,33
28,189,75,69,3,3,Right,65,67
20,189,74,65,2,3,Right,55,37
17,186,67,62,3,3,Left,60,42
18,180,70,57,2,3,Right,33,64
19,184,79,65,3,3,Right,65,60
29,178,74,68,4,4,Right,69,65
19,180,75,61,3,2,Right,31,59
27,181,78,72,3,3,Left,71,73
25,176,74,71,3,2,Right,57,32
23,167,63,65,3,5,Right,58,61
22,185,76,67,2,3,Right,65,41
25,173,69,67,2,2,Left,66,60
23,185,82,65,3,3,Right,57,63
30,186,85,75,2,2,Right,46,30
16,183,68,57,2,3,Right,27,23
25,178,72,67,2,3,Right,56,51
20,178,70,60,2,3,Left,48,61
23,175,73,54,2,2,Right,55,29
28,195,90,64,1,3,Right,20,15
20,183,71,67,2,3,Right,68,48
25,188,87,70,2,4,Right,40,56
25,180,74,65,3,3,Left,64,55
27,186,80,72,2,3,Right,46,73
25,177,75,74,2,4,Right,71,51
23,180,79,68,2,3,Left,64,34
36,180,75,74,2,3,Right,61,55
26,194,94,64,1,3,Left,11,12
31,170,60,69,3,4,Right,61,67
28,173,72,66,2,3,Left,61,22
19,190,80,55,2,3,Right,44,30
26,187,79,68,2,3,Right,62,66
23,183,65,70,3,3,Right,55,71
25,172,69,76,4,3,Left,74,73
20,187,82,69,2,3,Right,34,29
23,188,77,73,2,2,Right,53,63
25,189,87,64,2,4,Right,63,65
21,190,78,62,2,3,Right,28,39
34,172,70,68,4,4,Left,68,57
17,177,68,63,2,3,Right,62,46
18,176,63,55,2,3,Right,63,20
28,173,68,66,3,3,Right,39,69
30,176,73,67,3,3,Right,58,55
27,180,72,67,3,3,Right,61,50
26,182,79,74,3,3,Left,71,28
28,186,88,76,3,3,Right,67,60
37,183,70,71,2,3,Right,46,34
20,182,72,54,2,3,Right,30,63
29,175,71,73,3,2,Right,59,75
23,166,65,69,3,5,Right,68,66
23,175,66,65,2,3,Left,58,29
29,180,75,71,2,3,Right,73,44
22,183,75,66,4,3,Left,65,52
23,186,75,79,2,3,Right,55,39
20,182,78,70,2,3,Right,70,45
23,194,77,64,1,2,Right,20,17
27,172,76,57,2,4,Right,52,26
26,175,75,66,2,3,Right,56,49
30,182,86,92,4,4,Right,77,94
26,175,73,77,3,4,Right,75,73
22,183,73,64,3,4,Right,58,63
32,194,86,73,2,3,Left,34,26
20,177,69,62,2,3,Left,60,37
27,179,79,68,2,3,Right,67,46
26,181,76,70,3,3,Left,75,58
26,184,87,62,2,2,Left,45,26
18,183,80,53,2,2,Right,41,39
24,183,74,76,2,5,Right,76,33
22,190,76,61,1,2,Right,16,13
16,191,78,52,2,3,Right,44,33
24,177,70,63,3,3,Left,58,53
19,183,70,52,2,2,Right,41,32
26,190,88,72,2,3,Right,52,73
27,191,83,65,1,2,Right,14,13
29,177,72,66,3,4,Left,51,65
27,194,85,72,2,3,Right,38,31
18,178,70,53,3,3,Right,43,33
36,191,89,77,1,3,Right,11,12
27,183,77,70,1,2,Left,11,12
31,192,80,73,2,2,Right,61,60
34,188,80,67,2,3,Right,41,47
26,178,68,65,3,4,Right,64,56
33,184,76,74,1,3,Left,15,17
31,188,85,64,2,3,Right,48,64
27,182,78,67,2,3,Left,62,31
21,191,85,59,1,4,Right,14,8
21,191,83,70,2,4,Right,41,61
22,171,67,64,2,3,Left,63,49
23,176,70,65,2,3,Right,62,39
28,194,88,75,2,4,Right,30,40
20,180,68,56,3,3,Left,59,53
21,175,77,64,3,4,Right,57,57
23,170,68,61,3,3,Right,60,59
26,179,74,58,2,3,Left,50,20
23,180,72,73,2,3,Right,70,59
29,181,74,66,3,3,Right,61,59
20,188,72,65,2,3,Right,52,46
22,173,64,68,2,3,Left,68,47
27,184,79,63,2,3,Left,30,25
17,174,70,61,3,3,Left,65,48
22,180,75,62,2,2,Right,37,38
22,178,65,73,3,4,Right,65,71
21,187,82,70,2,3,Left,59,73
27,182,82,78,2,3,Right,62,56
21,183,72,62,1,3,Right,20,15
20,181,66,60,2,4,Left,59,25
25,177,67,62,2,3,Right,52,34
27,167,60,69,4,4,Right,67,65
32,181,82,66,3,4,Right,51,70
21,176,72,58,2,3,Right,44,33
20,160,55,68,2,4,Right,62,55
29,178,70,64,3,3,Right,52,49
22,190,80,48,1,2,Right,13,8
21,173,72,69,3,3,Left,64,63
25,180,70,70,2,3,Right,59,52
25,176,68,72,4,4,Right,66,58
25,184,86,60,2,4,Left,37,57
22,188,83,63,2,3,Right,30,21
24,181,70,62,3,3,Right,53,42
30,186,78,66,3,3,Right,58,68
21,183,67,64,2,2,Right,62,56
25,176,67,58,3,4,Right,53,34
22,172,75,53,2,3,Right,42,32
24,175,75,57,3,3,Right,42,58
31,180,75,77,1,3,Right,12,11
25,179,73,76,2,3,Right,75,44
33,182,75,70,2,3,Right,66,45
20,183,81,49,2,3,Right,45,26
30,185,83,72,2,3,Right,70,27
18,185,77,66,3,3,Right,54,32
19,191,77,55,2,3,Right,22,17
24,181,75,63,2,3,Right,51,31
27,184,77,64,2,3,Left,50,11
20,176,69,57,3,2,Left,55,51
22,180,70,61,2,3,Right,35,31
30,191,80,67,2,3,Left,31,71
20,175,75,55,3,3,Left,44,58
23,184,78,60,1,3,Right,11,15
25,187,82,75,2,3,Left,76,57
35,181,81,72,2,3,Right,50,76
32,181,71,74,3,4,Right,64,56
26,181,80,69,1,2,Right,14,20
17,178,67,51,2,3,Right,43,35
21,178,71,62,2,3,Left,58,47
23,187,76,75,2,3,Right,37,36
34,179,67,66,3,3,Right,60,55
20,174,72,63,2,3,Right,41,57
22,183,75,70,2,2,Left,70,26
23,188,86,86,3,4,Right,70,90
19,183,73,53,2,3,Left,62,41
26,189,89,70,2,3,Right,57,45
25,185,81,67,3,3,Right,38,68
18,178,72,62,3,3,Right,59,57
23,173,68,62,2,3,Right,47,40
32,177,77,59,1,2,Left,15,18
20,177,67,52,2,2,Right,42,27
26,188,83,76,2,3,Right,52,83
26,183,77,67,2,3,Right,48,24
22,173,65,81,5,3,Right,79,66
18,191,84,53,1,3,Right,23,5
31,191,82,60,3,2,Right,30,13
31,188,84,66,2,2,Right,17,30
29,170,66,73,4,2,Right,76,64
19,189,70,58,2,3,Right,26,21
23,175,68,65,3,3,Right,67,58
26,191,85,62,2,2,Right,43,32
19,178,64,57,2,3,Left,44,34
19,189,80,58,1,3,Right,15,19
22,178,77,63,3,2,Right,49,58
24,176,71,65,2,2,Right,49,27
21,192,91,67,2,3,Right,29,21
18,191,84,59,2,3,Left,36,29
27,187,77,68,2,3,Right,65,28
25,184,78,63,2,3,Left,57,35
27,192,95,78,2,3,Right,39,45
25,175,76,68,3,3,Right,52,53
30,188,85,75,2,3,Left,66,25
20,176,67,61,2,3,Right,59,31
19,190,85,62,1,2,Right,11,7
25,176,71,61,3,3,Left,45,52
22,189,81,58,2,3,Right,51,30
29,201,93,77,1,5,Right,19,13
18,195,84,52,1,3,Left,10,5
30,173,73,63,3,4,Right,58,54
28,186,80,67,2,3,Right,47,47
23,191,93,70,1,2,Right,20,18
27,177,74,69,2,3,Right,56,34
19,170,65,69,3,3,Right,70,58
32,168,67,74,3,3,Right,61,69
21,178,69,60,2,3,Right,61,33
26,182,77,66,3,3,Left,55,62
27,175,74,77,3,3,Right,83,69
30,180,79,70,2,4,Right,62,40
36,176,73,66,3,3,Left,56,50
32,185,75,58,2,3,Right,52,52
28,183,78,64,3,3,Right,46,54
31,180,79,69,3,3,Right,67,56
21,186,84,62,3,3,Left,34,64
23,191,79,52,1,2,Right,13,15
20,177,73,59,2,3,Right,55,56
27,175,67,71,2,2,Right,63,34
20,179,68,58,2,3,Left,58,55
26,188,85,65,2,3,Left,58,61
33,173,69,64,3,3,Left,71,65
34,182,77,71,2,3,Left,67,56
22,193,88,68,1,3,Right,15,19
21,175,72,60,3,3,Right,56,49
22,179,75,64,3,3,Left,58,64
26,185,78,65,2,3,Right,52,65
24,173,72,67,3,4,Right,54,61
33,187,81,79,2,3,Right,36,40
27,176,77,66,2,2,Right,53,34
25,190,82,66,1,3,Right,8,6
21,183,72,59,1,2,Right,14,21
24,190,82,72,2,3,Right,33,33
28,177,73,73,3,4,Right,70,69
32,192,84,71,2,3,Right,56,40
24,181,74,76,3,4,Right,46,53
32,180,72,82,3,3,Right,83,54
20,177,71,62,3,3,Right,62,49
19,175,68,63,3,3,Left,51,50
20,168,62,60,2,3,Right,57,54
28,172,60,61,3,3,Left,56,61
20,191,93,70,3,3,Right,41,70
24,188,88,70,2,2,Right,26,35
22,170,68,56,2,2,Right,35,41
18,185,70,52,2,3,Right,43,22
26,175,70,63,2,4,Right,60,22
28,184,75,66,2,3,Right,62,42
35,176,65,69,3,3,Left,69,59
21,183,77,58,1,2,Right,13,20
19,175,71,59,2,3,Left,52,64
25,172,66,72,4,4,Right,66,70
32,184,84,68,2,3,Right,78,50
28,170,77,75,2,3,Right,64,49
22,178,74,60,2,2,Left,63,33
24,185,80,65,1,3,Right,18,16
19,181,72,69,3,3,Left,71,62
18,170,70,61,3,3,Right,54,55
30,173,70,67,3,2,Left,62,32
23,174,74,72,3,3,Right,67,76
29,187,82,83,2,3,Right,58,48
19,194,89,57,1,2,Right,12,8
24,170,65,65,2,3,Left,60,29
19,183,74,68,3,3,Right,57,57
27,170,73,66,2,3,Right,48,33
28,183,74,74,3,1,Left,74,54
20,180,80,64,1,3,Left,13,7
26,179,70,79,3,3,Right,78,75
30,183,79,65,1,2,Right,14,14
26,188,85,60,2,3,Right,48,32
29,179,79,68,3,3,Right,39,75
25,175,74,69,3,3,Right,68,62
26,180,72,70,2,4,Right,68,65
22,191,86,50,1,3,Right,10,4
18,178,68,55,3,2,Right,55,38
28,187,76,66,3,3,Right,56,56
26,182,76,78,3,4,Right,79,77
22,188,88,62,1,3,Right,20,20
24,183,72,64,1,3,Left,12,11
21,191,85,64,2,4,Right,31,26
30,182,92,71,2,3,Right,29,35
21,175,70,62,2,3,Left,59,25
26,193,79,75,1,2,Right,12,13
27,184,70,73,2,3,Right,73,38
19,181,73,58,3,2,Left,54,43
28,188,86,57,1,2,Right,10,7
19,182,62,49,3,2,Right,49,46
19,195,84,54,2,3,Right,36,58
25,185,72,69,2,3,Right,59,45
21,191,82,71,2,3,Right,60,70
24,180,72,76,2,3,Right,76,67
35,186,78,72,2,3,Right,70,44
21,173,68,58,2,2,Right,52,26
28,183,78,68,2,4,Right,62,66
19,175,71,59,2,3,Right,56,58
32,177,71,74,2,3,Right,49,36
25,177,75,76,4,4,Right,75,74
22,184,87,66,2,3,Right,40,28
20,197,85,59,1,3,Right,14,14
24,184,75,66,2,4,Right,59,28
38,175,72,67,2,2,Right,62,47
25,173,68,70,3,2,Left,67,49
29,178,78,67,3,4,Right,55,62
23,177,74,64,2,3,Right,58,52
23,180,75,63,2,3,Right,53,38
27,178,71,56,2,2,Right,56,56
24,168,70,61,3,3,Left,57,57
24,185,77,60,2,3,Right,30,61
32,171,67,77,2,3,Left,80,49
30,184,78,55,2,3,Left,41,22
24,188,75,69,2,3,Right,56,37
24,196,88,63,1,2,Right,15,11
25,184,76,64,3,3,Right,68,57
29,192,91,75,2,3,Right,54,44
30,181,76,79,3,5,Left,78,57
25,180,76,62,3,3,Left,60,58
25,185,77,68,2,3,Right,28,17
21,181,78,62,2,3,Right,44,37
21,172,70,59,2,3,Left,31,60
31,193,86,84,2,3,Right,28,56
21,191,86,69,1,2,Right,14,19
22,173,68,69,2,2,Left,58,55
17,175,60,59,2,3,Right,48,64
28,181,79,72,2,2,Right,62,25
26,183,78,68,3,4,Left,59,63
24,180,70,64,2,3,Right,59,61
28,187,70,72,2,3,Left,72,20
27,180,74,63,2,3,Left,62,56
23,185,79,65,2,2,Right,29,22
20,175,66,74,4,3,Left,62,72
18,176,64,55,2,3,Left,57,24
31,175,83,68,3,3,Right,73,55
27,180,71,76,2,4,Right,76,74
18,168,63,58,3,3,Right,54,47
20,182,80,71,2,3,Left,50,20
21,175,75,61,2,3,Right,63,38
25,180,70,70,3,3,Left,67,57
25,193,83,60,1,3,Right,17,11
26,187,77,66,3,3,Left,43,68
29,180,74,74,2,3,Right,61,36
36,179,71,59,2,4,Right,45,40
31,188,83,68,2,3,Left,43,36
23,196,89,66,2,4,Right,24,37
20,178,74,60,2,3,Right,65,50
27,189,95,68,2,3,Left,57,28
29,179,78,64,2,3,Right,59,28
27,182,75,72,2,3,Right,38,16
18,183,71,57,1,3,Right,11,8
20,173,71,53,2,3,Right,57,41
21,178,70,69,2,2,Left,68,66
24,188,81,70,2,2,Left,26,14
33,188,82,68,3,3,Right,58,47
25,167,63,65,3,3,Right,67,64
33,177,69,72,2,2,Left,72,40
25,179,73,65,3,3,Left,48,55
27,171,65,68,2,3,Left,72,42
18,200,79,59,2,3,Right,24,25
32,193,80,64,2,3,Right,28,27
20,177,70,67,2,3,Right,62,29
27,177,75,79,3,4,Right,69,80
28,182,76,69,2,3,Right,72,51
31,181,72,70,2,2,Right,55,39
18,188,72,54,2,3,Right,24,55
23,177,76,74,2,2,Right,72,31
19,181,70,52,2,2,Left,50,45
39,178,71,71,3,3,Left,78,65
24,181,76,67,2,3,Right,56,33
34,180,79,68,3,3,Right,44,67
25,185,76,54,2,3,Left,57,29
36,178,77,70,2,3,Right,64,50
19,182,73,63,2,3,Right,46,41
25,166,60,62,2,4,Right,70,57
26,193,87,68,2,2,Left,45,29
44,172,75,71,1,3,Right,19,14
30,172,70,72,3,3,Right,71,56
20,187,77,64,3,3,Left,37,68
19,168,61,59,2,2,Right,47,49
20,180,76,59,3,2,Right,45,59
25,180,78,69,2,3,Right,52,25
35,190,96,67,2,3,Right,42,34
25,186,81,72,2,3,Right,39,40
28,190,78,67,2,3,Right,66,66
25,178,77,66,3,2,Left,42,65
19,177,70,65,3,3,Right,70,61
22,174,70,64,3,4,Right,65,50
33,185,78,73,1,3,Left,8,6
34,180,76,58,2,3,Right,23,23
30,186,75,65,3,3,Right,46,61
24,185,80,64,2,3,Right,55,49
21,184,77,60,2,3,Right,48,48
25,190,88,74,2,2,Right,41,41
22,173,72,62,3,4,Right,56,62
35,176,70,61,3,2,Right,60,51
25,184,80,66,3,3,Left,33,66
19,171,67,59,2,3,Right,60,31
21,182,70,68,3,3,Right,64,65
26,175,63,70,3,3,Right,71,67
28,180,74,68,3,5,Left,67,66
24,177,76,71,3,3,Right,63,62
24,169,71,69,3,3,Right,69,66
27,184,86,69,3,2,Left,62,54
33,176,73,72,4,4,Right,73,58
25,185,81,57,1,3,Right,18,11
27,174,65,78,3,4,Right,65,69
26,167,68,67,2,2,Right,60,55
24,186,80,72,3,3,Left,41,73
24,181,73,61,3,3,Right,62,48
22,171,67,72,3,2,Left,64,64
18,178,64,48,2,3,Right,36,32
24,172,73,65,2,3,Right,65,33
19,175,70,58,2,3,Left,52,53
25,174,71,69,2,3,Right,63,52
18,185,78,60,3,3,Right,34,59
19,176,77,55,2,3,Right,41,34
19,181,70,68,3,3,Left,68,60
24,170,64,73,3,4,Right,65,63
30,187,85,69,3,3,Left,65,68
22,178,70,60,4,3,Right,52,54
28,176,74,66,2,3,Right,45,33
21,170,68,62,3,3,Left,57,57
26,185,79,58,2,2,Right,53,32
23,180,75,70,4,3,Left,53,67
29,178,64,63,3,3,Right,62,59
29,178,68,60,3,3,Right,50,62
33,172,67,70,3,2,Left,58,77
18,188,80,58,1,3,Right,11,10
23,174,74,64,3,4,Left,62,57
34,182,85,63,1,4,Right,12,7
26,185,73,80,3,3,Right,69,75
33,170,73,68,2,3,Right,53,39
22,182,87,60,2,2,Right,52,29
23,187,82,70,2,3,Right,40,40
24,180,74,71,3,3,Left,71,29
18,175,68,66,2,3,Right,46,24
29,192,88,72,2,3,Right,41,28
24,187,78,64,2,3,Left,49,66
25,192,75,68,3,3,Left,60,65
21,168,64,76,3,3,Right,67,50
25,194,90,60,1,2,Right,20,13
27,201,99,77,1,2,Left,15,12
20,178,74,55,3,3,Right,55,40
21,172,66,65,2,3,Left,61,53
22,180,72,58,2,3,Right,49,42
31,190,85,59,2,3,Right,40,16
32,189,85,71,3,2,Right,54,69
28,191,88,62,1,2,Right,11,15
24,183,75,64,2,3,Right,29,24
21,182,78,58,2,2,Right,33,63
24,178,69,63,3,3,Right,43,39
29,188,85,74,1,2,Right,9,9
25,183,75,75,3,3,Right,64,71
24,180,72,73,2,3,Right,67,53
21,180,75,69,3,4,Right,68,62
22,184,81,60,3,2,Right,60,53
28,175,68,64,3,3,Left,65,63
26,183,76,66,2,3,Right,50,56
33,177,73,72,3,3,Right,75,46
29,183,77,68,3,4,Right,64,64
23,190,76,66,2,3,Right,58,65
22,184,84,71,2,4,Right,70,35
19,175,75,52,2,2,Right,36,31
21,186,80,66,2,3,Right,56,47
22,176,63,76,2,3,Left,77,43
25,190,80,65,2,3,Right,33,23
19,187,78,60,3,3,Right,47,48
18,185,71,61,2,3,Right,30,63
21,169,65,71,2,4,Right,66,40
22,183,73,49,3,2,Right,53,52
20,179,68,57,3,3,Right,51,46
20,180,76,61,2,3,Left,54,40
30,187,72,62,2,3,Right,29,17
18,168,64,52,3,3,Right,36,34
23,170,65,54,3,4,Left,54,37
31,176,70,68,2,3,Right,66,61
21,190,77,60,2,3,Right,35,25
22,191,75,70,2,3,Right,44,26
21,189,77,53,2,2,Right,25,15
20,172,69,58,3,3,Right,52,40
30,169,73,71,3,4,Right,59,71
19,189,75,59,1,3,Right,29,12
26,189,82,72,2,2,Left,44,30
33,187,82,73,2,3,Right,59,47
26,175,64,69,3,4,Right,62,70
21,182,69,63,3,3,Left,64,57
29,180,77,66,3,4,Right,48,64
29,184,83,73,1,3,Right,13,11
22,185,82,60,1,3,Right,12,13
20,184,74,63,2,3,Left,48,62
20,178,69,62,2,2,Right,46,29
21,184,75,63,3,3,Right,57,39
19,185,78,57,2,3,Left,50,20
29,191,85,68,2,4,Right,32,28
18,180,77,52,3,2,Right,46,42
28,183,60,61,2,3,Right,60,50
18,183,78,62,2,3,Right,38,66
19,181,73,53,1,2,Right,13,7
24,186,75,62,2,3,Right,30,28
20,184,69,59,1,2,Right,20,15
26,187,83,61,1,2,Right,20,18
35,190,87,77,2,3,Left,61,33
25,178,78,68,2,2,Left,67,44
20,181,73,64,2,3,Right,33,65
28,187,82,61,2,3,Right,58,55
21,173,65,69,3,3,Right,71,60
33,172,70,67,2,3,Right,67,54
36,177,75,65,2,4,Right,46,38
28,169,65,68,2,3,Right,68,52
32,183,74,70,1,3,Right,13,17
24,183,82,73,2,3,Right,59,47
24,185,76,72,3,4,Left,56,80
24,178,67,68,3,3,Right,59,65
25,190,84,61,2,3,Left,24,19
29,175,70,59,3,3,Left,53,13
30,184,80,52,1,1,Right,11,9
26,183,79,62,2,3,Right,46,35
25,181,75,65,3,3,Right,43,58
22,192,79,72,1,3,Right,12,13
32,183,80,67,2,2,Right,65,45
24,170,66,57,3,3,Right,60,48
25,181,72,74,4,3,Right,76,66
33,185,87,70,2,4,Right,68,60
23,180,76,69,3,3,Right,62,65
29,178,73,67,3,3,Right,59,56
20,180,76,56,2,3,Right,55,32
22,178,74,58,2,3,Right,44,61
22,180,72,64,2,3,Right,33,26
24,164,70,66,3,4,Right,51,52
22,182,66,65,2,3,Right,62,60
23,181,77,59,2,3,Left,27,63
21,178,58,65,3,2,Left,47,68
19,165,66,57,2,2,Left,50,49
29,192,85,68,2,3,Right,27,21
21,177,68,60,3,3,Left,56,52
23,173,67,61,2,3,Right,48,54
26,174,66,60,2,3,Right,44,64
21,185,80,51,2,3,Right,23,16
33,189,84,80,2,2,Left,79,51
23,188,85,60,1,2,Right,20,17
29,185,79,63,2,3,Right,60,54
24,198,93,60,2,3,Right,35,19
21,187,78,70,2,2,Right,52,28
24,184,78,72,2,3,Right,62,64
27,180,76,60,1,3,Right,17,14
24,169,63,79,4,3,Right,74,73
24,171,65,63,2,3,Left,71,28
26,183,76,66,3,2,Left,31,64
28,196,91,59,1,2,Right,10,18
22,181,79,73,2,3,Right,68,41
18,172,72,57,3,3,Right,31,58
29,177,69,70,4,2,Left,70,62
25,185,78,68,3,3,Right,61,72
26,185,84,63,1,3,Right,13,14
32,190,85,59,3,3,Right,41,57
27,170,67,65,2,4,Right,66,58
25,186,80,68,2,2,Right,21,23
31,178,79,70,2,4,Right,62,30
26,174,61,75,3,3,Right,78,62
23,173,67,51,2,2,Right,53,47
26,172,70,59,4,3,Right,55,50
23,189,76,65,2,3,Left,35,64
24,188,80,67,2,2,Right,12,11
34,167,63,59,2,4,Right,62,64
28,185,78,68,1,2,Right,13,14
22,180,74,67,2,2,Right,65,33
24,172,66,65,3,5,Right,34,62
19,188,80,64,2,3,Right,58,34
37,183,78,65,1,3,Right,19,10
18,177,70,58,3,3,Left,61,58
18,177,67,56,3,3,Right,57,44
23,176,70,75,3,4,Left,77,66
18,171,66,47,2,3,Right,31,28
29,175,71,70,3,3,Right,76,63
24,179,68,65,3,4,Right,64,49
36,182,77,75,2,2,Left,51,16
24,171,71,70,4,4,Right,62,66
18,174,71,57,2,2,Left,54,37
18,168,65,50,2,3,Right,45,50
25,177,70,66,2,2,Left,63,50
18,192,84,61,2,3,Right,25,17
39,180,72,59,2,3,Left,66,38
27,186,83,57,2,3,Right,31,62
29,189,79,70,2,3,Right,26,21
18,173,67,63,3,3,Right,61,51
30,179,75,72,3,3,Right,67,71
31,183,77,71,2,4,Right,68,73
19,178,71,53,3,2,Right,48,40
23,188,79,68,2,4,Right,38,25
23,184,80,69,2,4,Right,49,28
30,180,67,66,2,3,Right,60,30
26,174,75,68,3,3,Right,67,59
32,189,84,71,2,3,Right,53,66
33,171,72,79,3,5,Right,57,81
33,186,81,68,2,3,Right,51,46
30,177,80,72,3,3,Left,73,45
24,172,63,73,2,3,Right,53,37
30,179,73,73,3,3,Left,79,48
22,191,73,67,3,3,Right,60,58
29,180,78,76,3,3,Right,73,72
25,175,71,83,4,2,Left,73,79
30,177,75,67,2,2,Right,66,62
28,189,90,81,2,3,Right,54,55
28,177,79,67,3,4,Right,68,63
21,170,62,67,3,5,Right,62,47
23,187,75,66,2,3,Right,52,59
27,187,88,73,3,2,Right,51,77
25,179,85,53,1,2,Right,12,14
23,192,78,67,1,2,Right,11,8
26,173,70,72,2,3,Left,70,44
32,188,78,74,2,3,Right,59,59
20,176,68,56,3,5,Right,48,39
29,189,85,67,1,3,Right,14,14
24,195,87,57,1,3,Right,15,16
20,171,66,57,2,2,Right,52,33
33,191,90,72,2,3,Right,45,35
19,180,70,70,3,3,Left,66,69
31,193,83,61,2,3,Right,35,23
31,186,87,68,1,2,Left,9,14
27,188,90,77,3,4,Right,68,71
23,191,85,68,2,3,Left,54,35
30,173,65,70,3,4,Left,76,53
20,178,79,65,2,2,Left,57,28
30,179,71,74,3,4,Right,64,69
31,184,83,76,2,2,Right,49,39
30,190,79,66,2,3,Right,32,32
27,191,83,61,2,3,Left,50,56
28,188,87,72,1,2,Right,12,13
25,180,70,60,4,1,Right,46,42
17,187,70,58,3,3,Right,58,66
36,175,72,61,2,3,Right,57,31
27,183,75,65,3,3,Right,42,65